RecordId,Time,Provider,Level,EventId,Message
1174,6/23/2025 6:25:21 PM,TPM,4,18,This event triggers the Trusted Platform Module (TPM) provisioning/status check to run.
672,6/23/2025 1:42:35 PM,Service Control Manager,4,7045,A service was installed in the system. Service Name:  WPD File System driver Service File Name:  \SystemRoot\system32\DRIVERS\WUDFRd.sys Service Type:  kernel mode driver Service Start Type:  demand start Service Account:  
671,6/23/2025 1:42:35 PM,Microsoft-Windows-DriverFrameworks-UserMode,4,10100,The driver package installation has succeeded.
670,6/23/2025 1:42:35 PM,Microsoft-Windows-DriverFrameworks-UserMode,4,10001,The UMDF service WpdFs (CLSID {112de495-ac4c-46f8-b663-6a4266c53313}) was installed.  It requires framework version 2.29.0 or higher.
669,6/23/2025 1:42:35 PM,Microsoft-Windows-DriverFrameworks-UserMode,4,10000,A driver package which uses user-mode driver framework version 2.29.0 is being installed on device SWD\WPDBUSENUM\_??_USBSTOR#DISK&VEN_KINGSTON&PROD_DATATRAVELER_3.0&REV_0000#E0D55E6CBD0F189099B503C6&0#{53F56307-B6BF-11D0-94F2-00A0C91EFB8B}.
668,6/23/2025 1:42:35 PM,Microsoft-Windows-FilterManager,4,6,"File System Filter 'storqosflt' (10.0, ‎2084‎-‎07‎-‎23T22:29:44.000000000Z) has successfully loaded and registered with Filter Manager."
667,6/23/2025 1:42:35 PM,Microsoft-Windows-FilterManager,4,6,"File System Filter 'CldFlt' (10.0, ‎1976‎-‎11‎-‎19T00:44:15.000000000Z) has successfully loaded and registered with Filter Manager."
666,6/23/2025 1:42:35 PM,Microsoft-Windows-FilterManager,4,1,"File System Filter 'CldFlt' (Version 10.0, ‎1976‎-‎11‎-‎19T00:44:15.000000000Z) unloaded successfully."
665,6/23/2025 1:42:35 PM,Microsoft-Windows-FilterManager,4,6,"File System Filter 'CldFlt' (10.0, ‎1976‎-‎11‎-‎19T00:44:15.000000000Z) has successfully loaded and registered with Filter Manager."
664,6/23/2025 1:42:35 PM,Microsoft-Windows-FilterManager,4,6,"File System Filter 'luafv' (10.0, ‎1974‎-‎08‎-‎09T06:33:30.000000000Z) has successfully loaded and registered with Filter Manager."
663,6/23/2025 1:42:35 PM,Microsoft-Windows-FilterManager,4,6,"File System Filter 'wcifs' (10.0, ‎2021‎-‎10‎-‎19T06:10:02.000000000Z) has successfully loaded and registered with Filter Manager."
662,6/23/2025 1:42:35 PM,Microsoft-Windows-DHCPv6-Client,4,51046,DHCPv6 client service is started
661,6/23/2025 1:42:35 PM,Microsoft-Windows-Dhcp-Client,4,50103,DHCPv4 client registered for shutdown notification
660,6/23/2025 1:42:35 PM,Microsoft-Windows-Dhcp-Client,4,50036,DHCPv4 client service is started
659,6/23/2025 1:42:36 PM,Microsoft-Windows-WPDClassInstaller,4,24579,Autoplay registration was skipped for device %1.
658,6/23/2025 1:42:36 PM,Microsoft-Windows-WPDClassInstaller,4,24577,"Media player and imaging program compatibility layers were successfully registered for device %1. Layer bits %2 were requested, layer bits %3 were registered."
657,6/23/2025 1:42:35 PM,Microsoft-Windows-WPDClassInstaller,4,24576,Drivers were successfully installed for device WPD Device.
656,6/23/2025 1:42:35 PM,Microsoft-Windows-WPDClassInstaller,4,24579,Autoplay registration was skipped for device %1.
655,6/23/2025 1:42:35 PM,Microsoft-Windows-WPDClassInstaller,4,24577,"Media player and imaging program compatibility layers were successfully registered for device %1. Layer bits %2 were requested, layer bits %3 were registered."
654,6/23/2025 1:42:35 PM,Microsoft-Windows-WPDClassInstaller,4,24576,Drivers were successfully installed for device WPD Device.
673,6/23/2025 1:42:35 PM,Microsoft-Windows-UserPnp,4,20003,Driver Management has concluded the process to add Service WUDFWpdFs for Device Instance ID SWD\WPDBUSENUM\_??_USBSTOR#DISK&VEN_KINGSTON&PROD_DATATRAVELER_3.0&REV_0000#E0D55E6CBD0F189099B503C6&0#{53F56307-B6BF-11D0-94F2-00A0C91EFB8B} with the following status: 0.
674,6/23/2025 1:42:35 PM,Microsoft-Windows-UserPnp,4,20001,Driver Management concluded the process to install driver wpdfs.inf_amd64_e4ff8019ae5ba00c for Device Instance ID SWD\WPDBUSENUM\_??_USBSTOR#DISK&VEN_KINGSTON&PROD_DATATRAVELER_3.0&REV_0000#E0D55E6CBD0F189099B503C6&0#{53F56307-B6BF-11D0-94F2-00A0C91EFB8B} with the following status: 0x0.
675,6/23/2025 1:42:35 PM,Microsoft-Windows-DriverFrameworks-UserMode,4,10000,A driver package which uses user-mode driver framework version 2.29.0 is being installed on device SWD\WPDBUSENUM\{89B647CA-5072-11F0-B3C4-806E6F6E6963}#000000012C8C0000.
676,6/23/2025 1:42:35 PM,Microsoft-Windows-DriverFrameworks-UserMode,4,10002,The UMDF service WpdFs (CLSID {112de495-ac4c-46f8-b663-6a4266c53313}) was upgraded.  It requires framework version 2.29.0 or higher.
697,6/23/2025 1:45:12 PM,Microsoft-Windows-FilterManager,4,6,"File System Filter 'WdFilter' (10.0, ‎2073‎-‎10‎-‎13T02:22:50.000000000Z) has successfully loaded and registered with Filter Manager."
696,6/23/2025 1:45:12 PM,Microsoft-Windows-FilterManager,4,6,"File System Filter 'Wof' (10.0, ‎2002‎-‎04‎-‎12T14:36:07.000000000Z) has successfully loaded and registered with Filter Manager."
695,6/23/2025 1:45:12 PM,Microsoft-Windows-FilterManager,4,6,"File System Filter 'FileInfo' (10.0, ‎1989‎-‎07‎-‎12T18:15:12.000000000Z) has successfully loaded and registered with Filter Manager."
694,6/23/2025 1:45:05 PM,Microsoft-Windows-Kernel-General,4,20,The leap second configuration has been updated. Reason: Leap second data initialized from registry during boot Leap seconds enabled: true New leap second count: 0 Old leap second count: 0
693,6/23/2025 1:45:05 PM,Microsoft-Windows-Kernel-Boot,4,30,The firmware reported boot metrics.
692,6/23/2025 1:45:05 PM,Microsoft-Windows-Kernel-Boot,4,32,The bootmgr spent 0 ms waiting for user input.
691,6/23/2025 1:45:05 PM,Microsoft-Windows-Kernel-Boot,4,18,There are 0x1 boot options on this system.
690,6/23/2025 1:45:05 PM,Microsoft-Windows-Kernel-Boot,4,27,The boot type was 0x0.
689,6/23/2025 1:45:05 PM,Microsoft-Windows-Kernel-Boot,4,25,The boot menu policy was 0x1.
653,6/23/2025 1:42:31 PM,Win32k,4,267,Touch/Touchpad Hardware Quality Assurance verification succeeded.
688,6/23/2025 1:45:05 PM,Microsoft-Windows-Kernel-Boot,4,20,The last shutdown's success status was false. The last boot's success status was true.
686,6/23/2025 1:45:37 PM,EventLog,4,6013,The system uptime is 32 seconds.
685,6/23/2025 1:45:37 PM,EventLog,4,6005,The Event log service was started.
684,6/23/2025 1:45:37 PM,EventLog,4,6009,Microsoft (R) Windows (R) 10.00. 18362  Multiprocessor Free.
682,6/23/2025 1:45:05 PM,Microsoft-Windows-Kernel-General,4,12,The operating system started at system time ‎2025‎-‎06‎-‎23T20:45:05.500000000Z.
681,6/23/2025 1:42:36 PM,Microsoft-Windows-Winlogon,4,7001,User Logon Notification for Customer Experience Improvement Program
680,6/23/2025 1:42:36 PM,TPM,4,18,This event triggers the Trusted Platform Module (TPM) provisioning/status check to run.
679,6/23/2025 1:42:36 PM,Microsoft-Windows-UserPnp,4,20001,Driver Management concluded the process to install driver wpdfs.inf_amd64_e4ff8019ae5ba00c for Device Instance ID SWD\WPDBUSENUM\{89B647CA-5072-11F0-B3C4-806E6F6E6963}#000000012C8C0000 with the following status: 0x0.
678,6/23/2025 1:42:35 PM,Microsoft-Windows-UserPnp,4,20003,Driver Management has concluded the process to add Service WUDFWpdFs for Device Instance ID SWD\WPDBUSENUM\{89B647CA-5072-11F0-B3C4-806E6F6E6963}#000000012C8C0000 with the following status: 0.
677,6/23/2025 1:42:35 PM,Microsoft-Windows-DriverFrameworks-UserMode,4,10100,The driver package installation has succeeded.
687,6/23/2025 1:45:05 PM,Microsoft-Windows-Kernel-Boot,4,153,Virtualization-based security (policies: 0) is disabled.
698,6/23/2025 1:45:13 PM,Microsoft-Windows-Ntfs,4,98,Volume C: (\Device\HarddiskVolume4) is healthy.  No action is needed.
652,6/23/2025 1:42:31 PM,Win32k,4,267,Touch/Touchpad Hardware Quality Assurance verification succeeded.
650,6/23/2025 1:42:31 PM,Microsoft-Windows-Wininit,4,14,"Credential Guard configuration: 0x0, 0"
624,6/23/2025 1:42:18 PM,Microsoft-Windows-FilterManager,4,6,"File System Filter 'FileInfo' (10.0, ‎1989‎-‎07‎-‎12T18:15:12.000000000Z) has successfully loaded and registered with Filter Manager."
623,6/23/2025 1:42:11 PM,Microsoft-Windows-Kernel-General,4,20,The leap second configuration has been updated. Reason: Leap second data initialized from registry during boot Leap seconds enabled: true New leap second count: 0 Old leap second count: 0
622,6/23/2025 1:42:11 PM,Microsoft-Windows-Kernel-Boot,4,30,The firmware reported boot metrics.
621,6/23/2025 1:42:11 PM,Microsoft-Windows-Kernel-Boot,4,32,The bootmgr spent 0 ms waiting for user input.
620,6/23/2025 1:42:11 PM,Microsoft-Windows-Kernel-Boot,4,18,There are 0x1 boot options on this system.
619,6/23/2025 1:42:11 PM,Microsoft-Windows-Kernel-Boot,4,27,The boot type was 0x0.
618,6/23/2025 1:42:11 PM,Microsoft-Windows-Kernel-Boot,4,25,The boot menu policy was 0x1.
617,6/23/2025 1:42:11 PM,Microsoft-Windows-Kernel-Boot,4,20,The last shutdown's success status was true. The last boot's success status was true.
616,6/23/2025 1:42:11 PM,Microsoft-Windows-Kernel-Boot,4,153,Virtualization-based security (policies: 0) is disabled.
615,6/23/2025 1:42:35 PM,EventLog,4,6013,The system uptime is 24 seconds.
614,6/23/2025 1:42:35 PM,EventLog,4,6005,The Event log service was started.
613,6/23/2025 1:42:35 PM,EventLog,4,6009,Microsoft (R) Windows (R) 10.00. 18362  Multiprocessor Free.
611,6/23/2025 1:42:11 PM,Microsoft-Windows-Kernel-General,4,12,The operating system started at system time ‎2025‎-‎06‎-‎23T20:42:11.500000000Z.
610,6/23/2025 3:46:43 AM,Microsoft-Windows-UserPnp,4,20001,Driver Management concluded the process to install driver nvpcf.inf_amd64_e695f80bb6826604 for Device Instance ID ACPI\NVDA0820\NPCF with the following status: 0x0.
609,6/23/2025 3:46:43 AM,Microsoft-Windows-UserPnp,4,20001,Driver Management concluded the process to install driver nvhda.inf_amd64_604640e8f3663afb for Device Instance ID HDAUDIO\FUNC_01&VEN_10DE&DEV_009F&SUBSYS_1043107C&REV_1001\5&CD008FE&0&0001 with the following status: 0x0.
608,6/23/2025 3:46:35 AM,TPM,4,18,This event triggers the Trusted Platform Module (TPM) provisioning/status check to run.
607,6/23/2025 3:46:35 AM,Microsoft-Windows-UserModePowerService,4,12,Process C:\Windows\System32\DriverStore\FileRepository\u0363026.inf_amd64_4787f597d64c6405\B362912\atieclxx.exe (process ID:4356) reset policy scheme from {381b4222-f694-41f0-9685-ff5bb260df2e} to {381b4222-f694-41f0-9685-ff5bb260df2e}
606,6/23/2025 3:46:35 AM,Microsoft-Windows-Winlogon,4,7001,User Logon Notification for Customer Experience Improvement Program
605,6/23/2025 3:46:34 AM,Microsoft-Windows-FilterManager,4,6,"File System Filter 'storqosflt' (10.0, ‎2084‎-‎07‎-‎23T22:29:44.000000000Z) has successfully loaded and registered with Filter Manager."
625,6/23/2025 1:42:18 PM,Microsoft-Windows-FilterManager,4,6,"File System Filter 'Wof' (10.0, ‎2002‎-‎04‎-‎12T14:36:07.000000000Z) has successfully loaded and registered with Filter Manager."
626,6/23/2025 1:42:18 PM,Microsoft-Windows-FilterManager,4,6,"File System Filter 'WdFilter' (10.0, ‎2073‎-‎10‎-‎13T02:22:50.000000000Z) has successfully loaded and registered with Filter Manager."
627,6/23/2025 1:42:19 PM,Microsoft-Windows-Ntfs,4,98,Volume C: (\Device\HarddiskVolume4) is healthy.  No action is needed.
628,6/23/2025 1:42:19 PM,Microsoft-Windows-FilterManager,4,6,"File System Filter 'FileCrypt' (10.0, ‎2011‎-‎10‎-‎30T08:56:49.000000000Z) has successfully loaded and registered with Filter Manager."
649,6/23/2025 1:42:28 PM,Microsoft-Windows-Ntfs,4,98,Volume \\?\Volume{1ba45877-b4cf-4e17-9412-317be10b8e00} (\Device\HarddiskVolume1) is healthy.  No action is needed.
648,6/23/2025 1:42:21 PM,Microsoft-Windows-Kernel-Power,4,521,Active battery count change.
647,6/23/2025 1:42:21 PM,Microsoft-Windows-Kernel-Power,4,521,Active battery count change.
646,6/23/2025 1:42:21 PM,Microsoft-Windows-Kernel-Processor-Power,4,55,Processor 15 in group 0 exposes the following power management capabilities: Idle state type: ACPI Idle (LPI) States (3 state(s)) Performance state type: ACPI Collaborative Processor Performance Control Nominal Frequency (MHz): 3294 Maximum performance percentage: 161 Minimum performance percentage: 33 Minimum throttle percentage: 12
645,6/23/2025 1:42:21 PM,Microsoft-Windows-Kernel-Processor-Power,4,55,Processor 14 in group 0 exposes the following power management capabilities: Idle state type: ACPI Idle (LPI) States (3 state(s)) Performance state type: ACPI Collaborative Processor Performance Control Nominal Frequency (MHz): 3294 Maximum performance percentage: 161 Minimum performance percentage: 33 Minimum throttle percentage: 12
644,6/23/2025 1:42:21 PM,Microsoft-Windows-Kernel-Processor-Power,4,55,Processor 13 in group 0 exposes the following power management capabilities: Idle state type: ACPI Idle (LPI) States (3 state(s)) Performance state type: ACPI Collaborative Processor Performance Control Nominal Frequency (MHz): 3294 Maximum performance percentage: 175 Minimum performance percentage: 33 Minimum throttle percentage: 12
643,6/23/2025 1:42:21 PM,Microsoft-Windows-Kernel-Processor-Power,4,55,Processor 12 in group 0 exposes the following power management capabilities: Idle state type: ACPI Idle (LPI) States (3 state(s)) Performance state type: ACPI Collaborative Processor Performance Control Nominal Frequency (MHz): 3294 Maximum performance percentage: 175 Minimum performance percentage: 33 Minimum throttle percentage: 12
642,6/23/2025 1:42:21 PM,Microsoft-Windows-Kernel-Processor-Power,4,55,Processor 11 in group 0 exposes the following power management capabilities: Idle state type: ACPI Idle (LPI) States (3 state(s)) Performance state type: ACPI Collaborative Processor Performance Control Nominal Frequency (MHz): 3294 Maximum performance percentage: 157 Minimum performance percentage: 33 Minimum throttle percentage: 12
641,6/23/2025 1:42:21 PM,Microsoft-Windows-Kernel-Processor-Power,4,55,Processor 10 in group 0 exposes the following power management capabilities: Idle state type: ACPI Idle (LPI) States (3 state(s)) Performance state type: ACPI Collaborative Processor Performance Control Nominal Frequency (MHz): 3294 Maximum performance percentage: 157 Minimum performance percentage: 33 Minimum throttle percentage: 12
651,6/23/2025 1:42:31 PM,Microsoft-Windows-Directory-Services-SAM,4,16962,Remote calls to the SAM database are being restricted using the default security descriptor: O:SYG:SYD:(A;;RC;;;BA). For more information please see http://go.microsoft.com/fwlink/?LinkId=787651.
640,6/23/2025 1:42:21 PM,Microsoft-Windows-Kernel-Processor-Power,4,55,Processor 9 in group 0 exposes the following power management capabilities: Idle state type: ACPI Idle (LPI) States (3 state(s)) Performance state type: ACPI Collaborative Processor Performance Control Nominal Frequency (MHz): 3294 Maximum performance percentage: 175 Minimum performance percentage: 33 Minimum throttle percentage: 12
638,6/23/2025 1:42:21 PM,Microsoft-Windows-Kernel-Processor-Power,4,55,Processor 7 in group 0 exposes the following power management capabilities: Idle state type: ACPI Idle (LPI) States (3 state(s)) Performance state type: ACPI Collaborative Processor Performance Control Nominal Frequency (MHz): 3294 Maximum performance percentage: 148 Minimum performance percentage: 33 Minimum throttle percentage: 12
637,6/23/2025 1:42:21 PM,Microsoft-Windows-Kernel-Processor-Power,4,55,Processor 6 in group 0 exposes the following power management capabilities: Idle state type: ACPI Idle (LPI) States (3 state(s)) Performance state type: ACPI Collaborative Processor Performance Control Nominal Frequency (MHz): 3294 Maximum performance percentage: 148 Minimum performance percentage: 33 Minimum throttle percentage: 12
636,6/23/2025 1:42:21 PM,Microsoft-Windows-Kernel-Processor-Power,4,55,Processor 5 in group 0 exposes the following power management capabilities: Idle state type: ACPI Idle (LPI) States (3 state(s)) Performance state type: ACPI Collaborative Processor Performance Control Nominal Frequency (MHz): 3294 Maximum performance percentage: 170 Minimum performance percentage: 33 Minimum throttle percentage: 12
635,6/23/2025 1:42:21 PM,Microsoft-Windows-Kernel-Processor-Power,4,55,Processor 4 in group 0 exposes the following power management capabilities: Idle state type: ACPI Idle (LPI) States (3 state(s)) Performance state type: ACPI Collaborative Processor Performance Control Nominal Frequency (MHz): 3294 Maximum performance percentage: 170 Minimum performance percentage: 33 Minimum throttle percentage: 12
634,6/23/2025 1:42:21 PM,Microsoft-Windows-Kernel-Processor-Power,4,55,Processor 3 in group 0 exposes the following power management capabilities: Idle state type: ACPI Idle (LPI) States (3 state(s)) Performance state type: ACPI Collaborative Processor Performance Control Nominal Frequency (MHz): 3294 Maximum performance percentage: 152 Minimum performance percentage: 33 Minimum throttle percentage: 12
633,6/23/2025 1:42:21 PM,Microsoft-Windows-Kernel-Processor-Power,4,55,Processor 2 in group 0 exposes the following power management capabilities: Idle state type: ACPI Idle (LPI) States (3 state(s)) Performance state type: ACPI Collaborative Processor Performance Control Nominal Frequency (MHz): 3294 Maximum performance percentage: 152 Minimum performance percentage: 33 Minimum throttle percentage: 12
632,6/23/2025 1:42:21 PM,Microsoft-Windows-Kernel-Processor-Power,4,55,Processor 1 in group 0 exposes the following power management capabilities: Idle state type: ACPI Idle (LPI) States (3 state(s)) Performance state type: ACPI Collaborative Processor Performance Control Nominal Frequency (MHz): 3294 Maximum performance percentage: 166 Minimum performance percentage: 33 Minimum throttle percentage: 12
631,6/23/2025 1:42:21 PM,Microsoft-Windows-Kernel-Processor-Power,4,55,Processor 0 in group 0 exposes the following power management capabilities: Idle state type: ACPI Idle (LPI) States (3 state(s)) Performance state type: ACPI Collaborative Processor Performance Control Nominal Frequency (MHz): 3294 Maximum performance percentage: 166 Minimum performance percentage: 33 Minimum throttle percentage: 12
629,6/23/2025 1:42:19 PM,Microsoft-Windows-FilterManager,4,6,"File System Filter 'npsvctrig' (10.0, ‎1977‎-‎09‎-‎12T08:19:34.000000000Z) has successfully loaded and registered with Filter Manager."
639,6/23/2025 1:42:21 PM,Microsoft-Windows-Kernel-Processor-Power,4,55,Processor 8 in group 0 exposes the following power management capabilities: Idle state type: ACPI Idle (LPI) States (3 state(s)) Performance state type: ACPI Collaborative Processor Performance Control Nominal Frequency (MHz): 3294 Maximum performance percentage: 175 Minimum performance percentage: 33 Minimum throttle percentage: 12
699,6/23/2025 1:45:13 PM,Microsoft-Windows-FilterManager,4,6,"File System Filter 'FileCrypt' (10.0, ‎2011‎-‎10‎-‎30T08:56:49.000000000Z) has successfully loaded and registered with Filter Manager."
700,6/23/2025 1:45:13 PM,Microsoft-Windows-FilterManager,4,6,"File System Filter 'npsvctrig' (10.0, ‎1977‎-‎09‎-‎12T08:19:34.000000000Z) has successfully loaded and registered with Filter Manager."
702,6/23/2025 1:45:15 PM,Microsoft-Windows-Kernel-Processor-Power,4,55,Processor 0 in group 0 exposes the following power management capabilities: Idle state type: ACPI Idle (LPI) States (3 state(s)) Performance state type: ACPI Collaborative Processor Performance Control Nominal Frequency (MHz): 3294 Maximum performance percentage: 166 Minimum performance percentage: 33 Minimum throttle percentage: 12
770,6/23/2025 1:48:35 PM,Microsoft-Windows-Kernel-Processor-Power,4,55,Processor 5 in group 0 exposes the following power management capabilities: Idle state type: ACPI Idle (LPI) States (3 state(s)) Performance state type: ACPI Collaborative Processor Performance Control Nominal Frequency (MHz): 3294 Maximum performance percentage: 170 Minimum performance percentage: 33 Minimum throttle percentage: 12
769,6/23/2025 1:48:35 PM,Microsoft-Windows-Kernel-Processor-Power,4,55,Processor 4 in group 0 exposes the following power management capabilities: Idle state type: ACPI Idle (LPI) States (3 state(s)) Performance state type: ACPI Collaborative Processor Performance Control Nominal Frequency (MHz): 3294 Maximum performance percentage: 170 Minimum performance percentage: 33 Minimum throttle percentage: 12
768,6/23/2025 1:48:35 PM,Microsoft-Windows-Kernel-Processor-Power,4,55,Processor 3 in group 0 exposes the following power management capabilities: Idle state type: ACPI Idle (LPI) States (3 state(s)) Performance state type: ACPI Collaborative Processor Performance Control Nominal Frequency (MHz): 3294 Maximum performance percentage: 152 Minimum performance percentage: 33 Minimum throttle percentage: 12
767,6/23/2025 1:48:35 PM,Microsoft-Windows-Kernel-Processor-Power,4,55,Processor 2 in group 0 exposes the following power management capabilities: Idle state type: ACPI Idle (LPI) States (3 state(s)) Performance state type: ACPI Collaborative Processor Performance Control Nominal Frequency (MHz): 3294 Maximum performance percentage: 152 Minimum performance percentage: 33 Minimum throttle percentage: 12
766,6/23/2025 1:48:35 PM,Microsoft-Windows-Kernel-Processor-Power,4,55,Processor 1 in group 0 exposes the following power management capabilities: Idle state type: ACPI Idle (LPI) States (3 state(s)) Performance state type: ACPI Collaborative Processor Performance Control Nominal Frequency (MHz): 3294 Maximum performance percentage: 166 Minimum performance percentage: 33 Minimum throttle percentage: 12
765,6/23/2025 1:48:35 PM,Microsoft-Windows-Kernel-Processor-Power,4,55,Processor 0 in group 0 exposes the following power management capabilities: Idle state type: ACPI Idle (LPI) States (3 state(s)) Performance state type: ACPI Collaborative Processor Performance Control Nominal Frequency (MHz): 3294 Maximum performance percentage: 166 Minimum performance percentage: 33 Minimum throttle percentage: 12
764,6/23/2025 1:48:33 PM,Microsoft-Windows-FilterManager,4,6,"File System Filter 'npsvctrig' (10.0, ‎1977‎-‎09‎-‎12T08:19:34.000000000Z) has successfully loaded and registered with Filter Manager."
763,6/23/2025 1:48:33 PM,Microsoft-Windows-FilterManager,4,6,"File System Filter 'FileCrypt' (10.0, ‎2011‎-‎10‎-‎30T08:56:49.000000000Z) has successfully loaded and registered with Filter Manager."
762,6/23/2025 1:48:33 PM,Microsoft-Windows-Ntfs,4,98,Volume C: (\Device\HarddiskVolume4) is healthy.  No action is needed.
761,6/23/2025 1:48:32 PM,Microsoft-Windows-FilterManager,4,6,"File System Filter 'WdFilter' (10.0, ‎2073‎-‎10‎-‎13T02:22:50.000000000Z) has successfully loaded and registered with Filter Manager."
760,6/23/2025 1:48:32 PM,Microsoft-Windows-FilterManager,4,6,"File System Filter 'Wof' (10.0, ‎2002‎-‎04‎-‎12T14:36:07.000000000Z) has successfully loaded and registered with Filter Manager."
759,6/23/2025 1:48:32 PM,Microsoft-Windows-FilterManager,4,6,"File System Filter 'FileInfo' (10.0, ‎1989‎-‎07‎-‎12T18:15:12.000000000Z) has successfully loaded and registered with Filter Manager."
758,6/23/2025 1:48:25 PM,Microsoft-Windows-Kernel-General,4,20,The leap second configuration has been updated. Reason: Leap second data initialized from registry during boot Leap seconds enabled: true New leap second count: 0 Old leap second count: 0
757,6/23/2025 1:48:25 PM,Microsoft-Windows-Kernel-Boot,4,30,The firmware reported boot metrics.
756,6/23/2025 1:48:25 PM,Microsoft-Windows-Kernel-Boot,4,32,The bootmgr spent 0 ms waiting for user input.
755,6/23/2025 1:48:25 PM,Microsoft-Windows-Kernel-Boot,4,18,There are 0x1 boot options on this system.
754,6/23/2025 1:48:25 PM,Microsoft-Windows-Kernel-Boot,4,27,The boot type was 0x0.
753,6/23/2025 1:48:25 PM,Microsoft-Windows-Kernel-Boot,4,25,The boot menu policy was 0x1.
752,6/23/2025 1:48:25 PM,Microsoft-Windows-Kernel-Boot,4,20,The last shutdown's success status was false. The last boot's success status was false.
771,6/23/2025 1:48:35 PM,Microsoft-Windows-Kernel-Processor-Power,4,55,Processor 6 in group 0 exposes the following power management capabilities: Idle state type: ACPI Idle (LPI) States (3 state(s)) Performance state type: ACPI Collaborative Processor Performance Control Nominal Frequency (MHz): 3294 Maximum performance percentage: 148 Minimum performance percentage: 33 Minimum throttle percentage: 12
772,6/23/2025 1:48:35 PM,Microsoft-Windows-Kernel-Processor-Power,4,55,Processor 7 in group 0 exposes the following power management capabilities: Idle state type: ACPI Idle (LPI) States (3 state(s)) Performance state type: ACPI Collaborative Processor Performance Control Nominal Frequency (MHz): 3294 Maximum performance percentage: 148 Minimum performance percentage: 33 Minimum throttle percentage: 12
773,6/23/2025 1:48:35 PM,Microsoft-Windows-Kernel-Processor-Power,4,55,Processor 8 in group 0 exposes the following power management capabilities: Idle state type: ACPI Idle (LPI) States (3 state(s)) Performance state type: ACPI Collaborative Processor Performance Control Nominal Frequency (MHz): 3294 Maximum performance percentage: 175 Minimum performance percentage: 33 Minimum throttle percentage: 12
774,6/23/2025 1:48:35 PM,Microsoft-Windows-Kernel-Processor-Power,4,55,Processor 9 in group 0 exposes the following power management capabilities: Idle state type: ACPI Idle (LPI) States (3 state(s)) Performance state type: ACPI Collaborative Processor Performance Control Nominal Frequency (MHz): 3294 Maximum performance percentage: 175 Minimum performance percentage: 33 Minimum throttle percentage: 12
795,6/23/2025 1:48:55 PM,Microsoft-Windows-FilterManager,4,1,"File System Filter 'CldFlt' (Version 10.0, ‎1976‎-‎11‎-‎19T00:44:15.000000000Z) unloaded successfully."
794,6/23/2025 1:48:55 PM,Microsoft-Windows-FilterManager,4,6,"File System Filter 'CldFlt' (10.0, ‎1976‎-‎11‎-‎19T00:44:15.000000000Z) has successfully loaded and registered with Filter Manager."
793,6/23/2025 1:48:55 PM,Microsoft-Windows-FilterManager,4,6,"File System Filter 'luafv' (10.0, ‎1974‎-‎08‎-‎09T06:33:30.000000000Z) has successfully loaded and registered with Filter Manager."
792,6/23/2025 1:48:55 PM,Microsoft-Windows-FilterManager,4,6,"File System Filter 'wcifs' (10.0, ‎2021‎-‎10‎-‎19T06:10:02.000000000Z) has successfully loaded and registered with Filter Manager."
409,6/23/2025 1:08:42 AM,Microsoft-Windows-Eventlog,4,104,The Application log file was cleared.
790,6/23/2025 1:48:55 PM,Microsoft-Windows-Dhcp-Client,4,50103,DHCPv4 client registered for shutdown notification
789,6/23/2025 1:48:55 PM,Microsoft-Windows-Dhcp-Client,4,50036,DHCPv4 client service is started
788,6/23/2025 1:48:50 PM,Win32k,4,267,Touch/Touchpad Hardware Quality Assurance verification succeeded.
787,6/23/2025 1:48:50 PM,Win32k,4,267,Touch/Touchpad Hardware Quality Assurance verification succeeded.
751,6/23/2025 1:48:25 PM,Microsoft-Windows-Kernel-Boot,4,153,Virtualization-based security (policies: 0) is disabled.
786,6/23/2025 1:48:50 PM,Microsoft-Windows-Directory-Services-SAM,4,16962,Remote calls to the SAM database are being restricted using the default security descriptor: O:SYG:SYD:(A;;RC;;;BA). For more information please see http://go.microsoft.com/fwlink/?LinkId=787651.
784,6/23/2025 1:48:48 PM,Microsoft-Windows-Ntfs,4,98,Volume \\?\Volume{1ba45877-b4cf-4e17-9412-317be10b8e00} (\Device\HarddiskVolume1) is healthy.  No action is needed.
783,6/23/2025 1:48:35 PM,Microsoft-Windows-Kernel-Power,4,521,Active battery count change.
782,6/23/2025 1:48:35 PM,Microsoft-Windows-Kernel-Power,4,521,Active battery count change.
781,6/23/2025 1:48:35 PM,Microsoft-Windows-Kernel-Processor-Power,4,55,Processor 15 in group 0 exposes the following power management capabilities: Idle state type: ACPI Idle (LPI) States (3 state(s)) Performance state type: ACPI Collaborative Processor Performance Control Nominal Frequency (MHz): 3294 Maximum performance percentage: 161 Minimum performance percentage: 33 Minimum throttle percentage: 12
780,6/23/2025 1:48:35 PM,Microsoft-Windows-Kernel-Processor-Power,4,55,Processor 14 in group 0 exposes the following power management capabilities: Idle state type: ACPI Idle (LPI) States (3 state(s)) Performance state type: ACPI Collaborative Processor Performance Control Nominal Frequency (MHz): 3294 Maximum performance percentage: 161 Minimum performance percentage: 33 Minimum throttle percentage: 12
779,6/23/2025 1:48:35 PM,Microsoft-Windows-Kernel-Processor-Power,4,55,Processor 13 in group 0 exposes the following power management capabilities: Idle state type: ACPI Idle (LPI) States (3 state(s)) Performance state type: ACPI Collaborative Processor Performance Control Nominal Frequency (MHz): 3294 Maximum performance percentage: 175 Minimum performance percentage: 33 Minimum throttle percentage: 12
778,6/23/2025 1:48:35 PM,Microsoft-Windows-Kernel-Processor-Power,4,55,Processor 12 in group 0 exposes the following power management capabilities: Idle state type: ACPI Idle (LPI) States (3 state(s)) Performance state type: ACPI Collaborative Processor Performance Control Nominal Frequency (MHz): 3294 Maximum performance percentage: 175 Minimum performance percentage: 33 Minimum throttle percentage: 12
777,6/23/2025 1:48:35 PM,Microsoft-Windows-Kernel-Processor-Power,4,55,Processor 11 in group 0 exposes the following power management capabilities: Idle state type: ACPI Idle (LPI) States (3 state(s)) Performance state type: ACPI Collaborative Processor Performance Control Nominal Frequency (MHz): 3294 Maximum performance percentage: 157 Minimum performance percentage: 33 Minimum throttle percentage: 12
776,6/23/2025 1:48:35 PM,Microsoft-Windows-Kernel-Processor-Power,4,55,Processor 10 in group 0 exposes the following power management capabilities: Idle state type: ACPI Idle (LPI) States (3 state(s)) Performance state type: ACPI Collaborative Processor Performance Control Nominal Frequency (MHz): 3294 Maximum performance percentage: 157 Minimum performance percentage: 33 Minimum throttle percentage: 12
785,6/23/2025 1:48:50 PM,Microsoft-Windows-Wininit,4,14,"Credential Guard configuration: 0x0, 0"
750,6/23/2025 1:48:25 PM,Microsoft-Windows-Kernel-General,4,12,The operating system started at system time ‎2025‎-‎06‎-‎23T20:48:25.500000000Z.
749,6/23/2025 1:46:37 PM,Microsoft-Windows-Kernel-General,4,13,The operating system is shutting down at system time ‎2025‎-‎06‎-‎23T20:46:37.003924400Z.
748,6/23/2025 1:46:36 PM,Microsoft-Windows-Kernel-Power,4,109,The kernel power manager has initiated a shutdown transition. Shutdown Reason: Kernel API
723,6/23/2025 1:45:33 PM,Microsoft-Windows-Directory-Services-SAM,4,16962,Remote calls to the SAM database are being restricted using the default security descriptor: O:SYG:SYD:(A;;RC;;;BA). For more information please see http://go.microsoft.com/fwlink/?LinkId=787651.
722,6/23/2025 1:45:33 PM,Microsoft-Windows-Wininit,4,14,"Credential Guard configuration: 0x0, 0"
721,6/23/2025 1:45:30 PM,Microsoft-Windows-Ntfs,4,98,Volume \\?\Volume{1ba45877-b4cf-4e17-9412-317be10b8e00} (\Device\HarddiskVolume1) is healthy.  No action is needed.
720,6/23/2025 1:45:15 PM,Microsoft-Windows-Kernel-Power,4,521,Active battery count change.
719,6/23/2025 1:45:15 PM,Microsoft-Windows-Kernel-Power,4,521,Active battery count change.
718,6/23/2025 1:45:15 PM,Microsoft-Windows-Kernel-Processor-Power,4,55,Processor 15 in group 0 exposes the following power management capabilities: Idle state type: ACPI Idle (LPI) States (3 state(s)) Performance state type: ACPI Collaborative Processor Performance Control Nominal Frequency (MHz): 3294 Maximum performance percentage: 161 Minimum performance percentage: 33 Minimum throttle percentage: 12
717,6/23/2025 1:45:15 PM,Microsoft-Windows-Kernel-Processor-Power,4,55,Processor 14 in group 0 exposes the following power management capabilities: Idle state type: ACPI Idle (LPI) States (3 state(s)) Performance state type: ACPI Collaborative Processor Performance Control Nominal Frequency (MHz): 3294 Maximum performance percentage: 161 Minimum performance percentage: 33 Minimum throttle percentage: 12
716,6/23/2025 1:45:15 PM,Microsoft-Windows-Kernel-Processor-Power,4,55,Processor 13 in group 0 exposes the following power management capabilities: Idle state type: ACPI Idle (LPI) States (3 state(s)) Performance state type: ACPI Collaborative Processor Performance Control Nominal Frequency (MHz): 3294 Maximum performance percentage: 175 Minimum performance percentage: 33 Minimum throttle percentage: 12
715,6/23/2025 1:45:15 PM,Microsoft-Windows-Kernel-Processor-Power,4,55,Processor 12 in group 0 exposes the following power management capabilities: Idle state type: ACPI Idle (LPI) States (3 state(s)) Performance state type: ACPI Collaborative Processor Performance Control Nominal Frequency (MHz): 3294 Maximum performance percentage: 175 Minimum performance percentage: 33 Minimum throttle percentage: 12
724,6/23/2025 1:45:33 PM,Win32k,4,267,Touch/Touchpad Hardware Quality Assurance verification succeeded.
713,6/23/2025 1:45:15 PM,Microsoft-Windows-Kernel-Processor-Power,4,55,Processor 11 in group 0 exposes the following power management capabilities: Idle state type: ACPI Idle (LPI) States (3 state(s)) Performance state type: ACPI Collaborative Processor Performance Control Nominal Frequency (MHz): 3294 Maximum performance percentage: 157 Minimum performance percentage: 33 Minimum throttle percentage: 12
711,6/23/2025 1:45:15 PM,Microsoft-Windows-Kernel-Processor-Power,4,55,Processor 9 in group 0 exposes the following power management capabilities: Idle state type: ACPI Idle (LPI) States (3 state(s)) Performance state type: ACPI Collaborative Processor Performance Control Nominal Frequency (MHz): 3294 Maximum performance percentage: 175 Minimum performance percentage: 33 Minimum throttle percentage: 12
710,6/23/2025 1:45:15 PM,Microsoft-Windows-Kernel-Processor-Power,4,55,Processor 8 in group 0 exposes the following power management capabilities: Idle state type: ACPI Idle (LPI) States (3 state(s)) Performance state type: ACPI Collaborative Processor Performance Control Nominal Frequency (MHz): 3294 Maximum performance percentage: 175 Minimum performance percentage: 33 Minimum throttle percentage: 12
709,6/23/2025 1:45:15 PM,Microsoft-Windows-Kernel-Processor-Power,4,55,Processor 7 in group 0 exposes the following power management capabilities: Idle state type: ACPI Idle (LPI) States (3 state(s)) Performance state type: ACPI Collaborative Processor Performance Control Nominal Frequency (MHz): 3294 Maximum performance percentage: 148 Minimum performance percentage: 33 Minimum throttle percentage: 12
708,6/23/2025 1:45:15 PM,Microsoft-Windows-Kernel-Processor-Power,4,55,Processor 6 in group 0 exposes the following power management capabilities: Idle state type: ACPI Idle (LPI) States (3 state(s)) Performance state type: ACPI Collaborative Processor Performance Control Nominal Frequency (MHz): 3294 Maximum performance percentage: 148 Minimum performance percentage: 33 Minimum throttle percentage: 12
707,6/23/2025 1:45:15 PM,Microsoft-Windows-Kernel-Processor-Power,4,55,Processor 5 in group 0 exposes the following power management capabilities: Idle state type: ACPI Idle (LPI) States (3 state(s)) Performance state type: ACPI Collaborative Processor Performance Control Nominal Frequency (MHz): 3294 Maximum performance percentage: 170 Minimum performance percentage: 33 Minimum throttle percentage: 12
706,6/23/2025 1:45:15 PM,Microsoft-Windows-Kernel-Processor-Power,4,55,Processor 4 in group 0 exposes the following power management capabilities: Idle state type: ACPI Idle (LPI) States (3 state(s)) Performance state type: ACPI Collaborative Processor Performance Control Nominal Frequency (MHz): 3294 Maximum performance percentage: 170 Minimum performance percentage: 33 Minimum throttle percentage: 12
705,6/23/2025 1:45:15 PM,Microsoft-Windows-Kernel-Processor-Power,4,55,Processor 3 in group 0 exposes the following power management capabilities: Idle state type: ACPI Idle (LPI) States (3 state(s)) Performance state type: ACPI Collaborative Processor Performance Control Nominal Frequency (MHz): 3294 Maximum performance percentage: 152 Minimum performance percentage: 33 Minimum throttle percentage: 12
704,6/23/2025 1:45:15 PM,Microsoft-Windows-Kernel-Processor-Power,4,55,Processor 2 in group 0 exposes the following power management capabilities: Idle state type: ACPI Idle (LPI) States (3 state(s)) Performance state type: ACPI Collaborative Processor Performance Control Nominal Frequency (MHz): 3294 Maximum performance percentage: 152 Minimum performance percentage: 33 Minimum throttle percentage: 12
703,6/23/2025 1:45:15 PM,Microsoft-Windows-Kernel-Processor-Power,4,55,Processor 1 in group 0 exposes the following power management capabilities: Idle state type: ACPI Idle (LPI) States (3 state(s)) Performance state type: ACPI Collaborative Processor Performance Control Nominal Frequency (MHz): 3294 Maximum performance percentage: 166 Minimum performance percentage: 33 Minimum throttle percentage: 12
712,6/23/2025 1:45:15 PM,Microsoft-Windows-Kernel-Processor-Power,4,55,Processor 10 in group 0 exposes the following power management capabilities: Idle state type: ACPI Idle (LPI) States (3 state(s)) Performance state type: ACPI Collaborative Processor Performance Control Nominal Frequency (MHz): 3294 Maximum performance percentage: 157 Minimum performance percentage: 33 Minimum throttle percentage: 12
604,6/23/2025 3:46:34 AM,Microsoft-Windows-FilterManager,4,6,"File System Filter 'CldFlt' (10.0, ‎1976‎-‎11‎-‎19T00:44:15.000000000Z) has successfully loaded and registered with Filter Manager."
725,6/23/2025 1:45:33 PM,Win32k,4,267,Touch/Touchpad Hardware Quality Assurance verification succeeded.
727,6/23/2025 1:45:37 PM,Microsoft-Windows-Dhcp-Client,4,50103,DHCPv4 client registered for shutdown notification
747,6/23/2025 1:48:55 PM,EventLog,4,6013,The system uptime is 29 seconds.
746,6/23/2025 1:48:55 PM,EventLog,4,6005,The Event log service was started.
745,6/23/2025 1:48:55 PM,EventLog,4,6009,Microsoft (R) Windows (R) 10.00. 18362  Multiprocessor Free.
744,6/23/2025 1:46:30 PM,Microsoft-Windows-Dhcp-Client,4,50037,DHCPv4 client service is stopped. ShutDown Flag value is 1
743,6/23/2025 1:46:30 PM,Microsoft-Windows-Dhcp-Client,4,50106,DHCPv4 is waiting on DHCPv6 service to stop
742,6/23/2025 1:46:30 PM,Microsoft-Windows-DHCPv6-Client,4,51047,DHCPv6 client service is stopped. ShutDown Flag value is 1
741,6/23/2025 1:46:30 PM,Microsoft-Windows-Dhcp-Client,4,50105,DHCPv4 client ProcessDHCPRequestForever received TERMINATE_EVENT
740,6/23/2025 1:46:30 PM,Microsoft-Windows-Dhcp-Client,4,50104,DHCPv4 client received shutdown notification
739,6/23/2025 1:46:30 PM,Microsoft-Windows-Winlogon,4,7002,User Logoff Notification for Customer Experience Improvement Program
726,6/23/2025 1:45:37 PM,Microsoft-Windows-Dhcp-Client,4,50036,DHCPv4 client service is started
738,6/23/2025 1:46:29 PM,User32,4,1074,The process C:\Windows\System32\RuntimeBroker.exe (DESKTOP-CJNBGDQ) has initiated the restart of computer DESKTOP-CJNBGDQ on behalf of user DESKTOP-CJNBGDQ\Administrator for the following reason: Other (Unplanned)  Reason Code: 0x0  Shutdown Type: restart  Comment: 
736,6/23/2025 1:45:38 PM,Microsoft-Windows-Winlogon,4,7001,User Logon Notification for Customer Experience Improvement Program
735,6/23/2025 1:45:38 PM,TPM,4,18,This event triggers the Trusted Platform Module (TPM) provisioning/status check to run.
734,6/23/2025 1:45:37 PM,Microsoft-Windows-FilterManager,4,6,"File System Filter 'storqosflt' (10.0, ‎2084‎-‎07‎-‎23T22:29:44.000000000Z) has successfully loaded and registered with Filter Manager."
733,6/23/2025 1:45:37 PM,Microsoft-Windows-FilterManager,4,6,"File System Filter 'CldFlt' (10.0, ‎1976‎-‎11‎-‎19T00:44:15.000000000Z) has successfully loaded and registered with Filter Manager."
732,6/23/2025 1:45:37 PM,Microsoft-Windows-FilterManager,4,1,"File System Filter 'CldFlt' (Version 10.0, ‎1976‎-‎11‎-‎19T00:44:15.000000000Z) unloaded successfully."
731,6/23/2025 1:45:37 PM,Microsoft-Windows-FilterManager,4,6,"File System Filter 'CldFlt' (10.0, ‎1976‎-‎11‎-‎19T00:44:15.000000000Z) has successfully loaded and registered with Filter Manager."
730,6/23/2025 1:45:37 PM,Microsoft-Windows-FilterManager,4,6,"File System Filter 'luafv' (10.0, ‎1974‎-‎08‎-‎09T06:33:30.000000000Z) has successfully loaded and registered with Filter Manager."
729,6/23/2025 1:45:37 PM,Microsoft-Windows-FilterManager,4,6,"File System Filter 'wcifs' (10.0, ‎2021‎-‎10‎-‎19T06:10:02.000000000Z) has successfully loaded and registered with Filter Manager."
728,6/23/2025 1:45:37 PM,Microsoft-Windows-DHCPv6-Client,4,51046,DHCPv6 client service is started
737,6/23/2025 1:46:30 PM,EventLog,4,6006,The Event log service was stopped.
796,6/23/2025 1:48:55 PM,Microsoft-Windows-FilterManager,4,6,"File System Filter 'CldFlt' (10.0, ‎1976‎-‎11‎-‎19T00:44:15.000000000Z) has successfully loaded and registered with Filter Manager."
603,6/23/2025 3:46:34 AM,Microsoft-Windows-FilterManager,4,1,"File System Filter 'CldFlt' (Version 10.0, ‎1976‎-‎11‎-‎19T00:44:15.000000000Z) unloaded successfully."
601,6/23/2025 3:46:34 AM,Microsoft-Windows-FilterManager,4,6,"File System Filter 'luafv' (10.0, ‎1974‎-‎08‎-‎09T06:33:30.000000000Z) has successfully loaded and registered with Filter Manager."
476,6/23/2025 1:10:19 AM,Microsoft-Windows-UserPnp,4,20001,Driver Management concluded the process to install driver amdgpio2.inf_amd64_c72fc3523c1372d0 for Device Instance ID ACPI\AMDI0030\0 with the following status: 0x0.
475,6/23/2025 1:09:19 AM,Microsoft-Windows-Winlogon,4,7001,User Logon Notification for Customer Experience Improvement Program
474,6/23/2025 1:09:18 AM,TPM,4,18,This event triggers the Trusted Platform Module (TPM) provisioning/status check to run.
473,6/23/2025 1:09:18 AM,Microsoft-Windows-FilterManager,4,6,"File System Filter 'storqosflt' (10.0, ‎2084‎-‎07‎-‎23T22:29:44.000000000Z) has successfully loaded and registered with Filter Manager."
472,6/23/2025 1:09:18 AM,Microsoft-Windows-FilterManager,4,6,"File System Filter 'CldFlt' (10.0, ‎1976‎-‎11‎-‎19T00:44:15.000000000Z) has successfully loaded and registered with Filter Manager."
471,6/23/2025 1:09:18 AM,Microsoft-Windows-FilterManager,4,1,"File System Filter 'CldFlt' (Version 10.0, ‎1976‎-‎11‎-‎19T00:44:15.000000000Z) unloaded successfully."
470,6/23/2025 1:09:18 AM,Microsoft-Windows-FilterManager,4,6,"File System Filter 'CldFlt' (10.0, ‎1976‎-‎11‎-‎19T00:44:15.000000000Z) has successfully loaded and registered with Filter Manager."
469,6/23/2025 1:09:18 AM,Microsoft-Windows-FilterManager,4,6,"File System Filter 'luafv' (10.0, ‎1974‎-‎08‎-‎09T06:33:30.000000000Z) has successfully loaded and registered with Filter Manager."
468,6/23/2025 1:09:18 AM,Microsoft-Windows-FilterManager,4,6,"File System Filter 'wcifs' (10.0, ‎2021‎-‎10‎-‎19T06:10:02.000000000Z) has successfully loaded and registered with Filter Manager."
467,6/23/2025 1:09:18 AM,Microsoft-Windows-DHCPv6-Client,4,51046,DHCPv6 client service is started
466,6/23/2025 1:09:18 AM,Microsoft-Windows-Dhcp-Client,4,50103,DHCPv4 client registered for shutdown notification
465,6/23/2025 1:09:18 AM,Microsoft-Windows-Dhcp-Client,4,50036,DHCPv4 client service is started
464,6/23/2025 1:09:14 AM,Win32k,4,267,Touch/Touchpad Hardware Quality Assurance verification succeeded.
463,6/23/2025 1:09:13 AM,Microsoft-Windows-Directory-Services-SAM,4,16962,Remote calls to the SAM database are being restricted using the default security descriptor: O:SYG:SYD:(A;;RC;;;BA). For more information please see http://go.microsoft.com/fwlink/?LinkId=787651.
462,6/23/2025 1:09:13 AM,Microsoft-Windows-Wininit,4,14,"Credential Guard configuration: 0x0, 0"
461,6/23/2025 1:09:12 AM,Win32k,4,267,Touch/Touchpad Hardware Quality Assurance verification succeeded.
460,6/23/2025 1:09:12 AM,Microsoft-Windows-Ntfs,4,98,Volume \\?\Volume{1ba45877-b4cf-4e17-9412-317be10b8e00} (\Device\HarddiskVolume1) is healthy.  No action is needed.
459,6/23/2025 1:09:09 AM,Microsoft-Windows-Kernel-Power,4,521,Active battery count change.
458,6/23/2025 1:09:09 AM,Microsoft-Windows-Kernel-Power,4,521,Active battery count change.
477,6/23/2025 1:10:22 AM,Microsoft-Windows-UserPnp,4,20001,Driver Management concluded the process to install driver amdi2c.inf_amd64_f86694055c4c4959 for Device Instance ID ACPI\AMDI0010\0 with the following status: 0x0.
478,6/23/2025 1:10:22 AM,Win32k,4,267,Touch/Touchpad Hardware Quality Assurance verification succeeded.
479,6/23/2025 1:10:22 AM,Microsoft-Windows-UserPnp,4,20001,Driver Management concluded the process to install driver amdi2c.inf_amd64_f86694055c4c4959 for Device Instance ID ACPI\AMDI0010\3 with the following status: 0x0.
480,6/23/2025 1:10:25 AM,Service Control Manager,4,7045,A service was installed in the system. Service Name:  AMD Micro PEP Device Service File Name:  System32\drivers\AmdMicroPEP.sys Service Type:  kernel mode driver Service Start Type:  boot start Service Account:  
500,6/23/2025 1:11:10 AM,Microsoft-Windows-Kernel-General,4,12,The operating system started at system time ‎2025‎-‎06‎-‎23T08:11:10.500000000Z.
499,6/23/2025 1:11:00 AM,Microsoft-Windows-Kernel-General,4,13,The operating system is shutting down at system time ‎2025‎-‎06‎-‎23T08:11:00.145070000Z.
498,6/23/2025 1:10:59 AM,Microsoft-Windows-Kernel-Power,4,109,The kernel power manager has initiated a shutdown transition. Shutdown Reason: Kernel API
497,6/23/2025 1:11:28 AM,EventLog,4,6013,The system uptime is 18 seconds.
496,6/23/2025 1:11:28 AM,EventLog,4,6005,The Event log service was started.
495,6/23/2025 1:11:28 AM,EventLog,4,6009,Microsoft (R) Windows (R) 10.00. 18362  Multiprocessor Free.
494,6/23/2025 1:10:54 AM,Microsoft-Windows-Dhcp-Client,4,50037,DHCPv4 client service is stopped. ShutDown Flag value is 1
493,6/23/2025 1:10:54 AM,Microsoft-Windows-Dhcp-Client,4,50106,DHCPv4 is waiting on DHCPv6 service to stop
492,6/23/2025 1:10:54 AM,Microsoft-Windows-DHCPv6-Client,4,51047,DHCPv6 client service is stopped. ShutDown Flag value is 1
457,6/23/2025 1:09:09 AM,Microsoft-Windows-Kernel-Processor-Power,4,55,Processor 15 in group 0 exposes the following power management capabilities: Idle state type: ACPI Idle (LPI) States (3 state(s)) Performance state type: ACPI Collaborative Processor Performance Control Nominal Frequency (MHz): 3294 Maximum performance percentage: 161 Minimum performance percentage: 33 Minimum throttle percentage: 12
491,6/23/2025 1:10:54 AM,Microsoft-Windows-Dhcp-Client,4,50105,DHCPv4 client ProcessDHCPRequestForever received TERMINATE_EVENT
489,6/23/2025 1:10:54 AM,Microsoft-Windows-Winlogon,4,7002,User Logoff Notification for Customer Experience Improvement Program
488,6/23/2025 1:10:54 AM,User32,4,1074,The process C:\Windows\system32\winlogon.exe (DESKTOP-CJNBGDQ) has initiated the restart of computer DESKTOP-CJNBGDQ on behalf of user NT AUTHORITY\SYSTEM for the following reason: No title for this reason could be found  Reason Code: 0x500ff  Shutdown Type: restart  Comment: 
487,6/23/2025 1:10:54 AM,EventLog,4,6006,The Event log service was stopped.
486,6/23/2025 1:10:40 AM,Microsoft-Windows-UserModePowerService,4,22,Reapply power settings upon completion of the provisioning engine's turn 5
485,6/23/2025 1:10:40 AM,Microsoft-Windows-Kernel-General,4,16,The access history in hive \??\C:\ProgramData\Microsoft\Provisioning\Microsoft-Desktop-Provisioning-Sequence.dat was cleared updating 0 keys and creating 0 modified pages.
484,6/23/2025 1:10:34 AM,Microsoft-Windows-UserPnp,4,20001,Driver Management concluded the process to install driver smbusamd.inf_amd64_e470528883cc6bc5 for Device Instance ID PCI\VEN_1022&DEV_790B&SUBSYS_16021043&REV_51\3&11583659&0&A0 with the following status: 0x0.
483,6/23/2025 1:10:31 AM,Microsoft-Windows-UserPnp,4,20001,Driver Management concluded the process to install driver amdpsp.inf_amd64_db1b2556e686c32f for Device Instance ID PCI\VEN_1022&DEV_15DF&SUBSYS_16021043&REV_00\4&12C9051D&0&0241 with the following status: 0x0.
482,6/23/2025 1:10:31 AM,Service Control Manager,4,7045,A service was installed in the system. Service Name:  AMD PSP Service Service File Name:  System32\drivers\amdpsp.sys Service Type:  kernel mode driver Service Start Type:  boot start Service Account:  
481,6/23/2025 1:10:25 AM,Microsoft-Windows-UserPnp,4,20001,Driver Management concluded the process to install driver amdmicropep.inf_amd64_0063ba3efd77500b for Device Instance ID ACPI\AMDI0005\1 with the following status: 0x0.
490,6/23/2025 1:10:54 AM,Microsoft-Windows-Dhcp-Client,4,50104,DHCPv4 client received shutdown notification
501,6/23/2025 1:11:10 AM,Microsoft-Windows-Kernel-Boot,4,153,Virtualization-based security (policies: 0) is disabled.
455,6/23/2025 1:09:09 AM,Microsoft-Windows-Kernel-Processor-Power,4,55,Processor 14 in group 0 exposes the following power management capabilities: Idle state type: ACPI Idle (LPI) States (3 state(s)) Performance state type: ACPI Collaborative Processor Performance Control Nominal Frequency (MHz): 3294 Maximum performance percentage: 161 Minimum performance percentage: 33 Minimum throttle percentage: 12
453,6/23/2025 1:09:09 AM,Microsoft-Windows-Kernel-Processor-Power,4,55,Processor 12 in group 0 exposes the following power management capabilities: Idle state type: ACPI Idle (LPI) States (3 state(s)) Performance state type: ACPI Collaborative Processor Performance Control Nominal Frequency (MHz): 3294 Maximum performance percentage: 175 Minimum performance percentage: 33 Minimum throttle percentage: 12
428,6/23/2025 1:09:00 AM,Microsoft-Windows-Kernel-Boot,4,20,The last shutdown's success status was true. The last boot's success status was true.
427,6/23/2025 1:09:00 AM,Microsoft-Windows-Kernel-Boot,4,153,Virtualization-based security (policies: 0) is disabled.
426,6/23/2025 1:09:00 AM,Microsoft-Windows-Kernel-General,4,12,The operating system started at system time ‎2025‎-‎06‎-‎23T08:09:00.500000000Z.
425,6/23/2025 1:08:50 AM,Microsoft-Windows-Kernel-General,4,13,The operating system is shutting down at system time ‎2025‎-‎06‎-‎23T08:08:50.592187600Z.
424,6/23/2025 1:08:50 AM,Microsoft-Windows-Kernel-Power,4,109,The kernel power manager has initiated a shutdown transition. Shutdown Reason: Kernel API
423,6/23/2025 1:09:18 AM,EventLog,4,6013,The system uptime is 17 seconds.
422,6/23/2025 1:09:18 AM,EventLog,4,6005,The Event log service was started.
421,6/23/2025 1:09:18 AM,EventLog,4,6009,Microsoft (R) Windows (R) 10.00. 18362  Multiprocessor Free.
420,6/23/2025 1:08:45 AM,Microsoft-Windows-Dhcp-Client,4,50037,DHCPv4 client service is stopped. ShutDown Flag value is 1
419,6/23/2025 1:08:45 AM,Microsoft-Windows-Dhcp-Client,4,50106,DHCPv4 is waiting on DHCPv6 service to stop
418,6/23/2025 1:08:45 AM,Microsoft-Windows-DHCPv6-Client,4,51047,DHCPv6 client service is stopped. ShutDown Flag value is 1
417,6/23/2025 1:08:45 AM,Microsoft-Windows-Dhcp-Client,4,50105,DHCPv4 client ProcessDHCPRequestForever received TERMINATE_EVENT
416,6/23/2025 1:08:45 AM,Microsoft-Windows-Dhcp-Client,4,50104,DHCPv4 client received shutdown notification
415,6/23/2025 1:08:45 AM,EventLog,4,6006,The Event log service was stopped.
414,6/23/2025 1:08:44 AM,Microsoft-Windows-Winlogon,4,7002,User Logoff Notification for Customer Experience Improvement Program
413,6/23/2025 1:08:44 AM,User32,4,1074,The process C:\Windows\system32\sysprep\sysprep.exe (DESKTOP-CJNBGDQ) has initiated the restart of computer DESKTOP-CJNBGDQ on behalf of user DESKTOP-CJNBGDQ\Administrator for the following reason: No title for this reason could be found  Reason Code: 0x40002  Shutdown Type: restart  Comment: 
412,6/23/2025 1:08:44 AM,Service Control Manager,4,7040,The start type of the Windows Search service was changed from disabled to auto start.
411,6/23/2025 1:08:43 AM,Service Control Manager,4,7040,The start type of the Windows Search service was changed from auto start to disabled.
410,6/23/2025 1:08:42 AM,Microsoft-Windows-Eventlog,4,104,The Setup log file was cleared.
429,6/23/2025 1:09:00 AM,Microsoft-Windows-Kernel-Boot,4,25,The boot menu policy was 0x1.
430,6/23/2025 1:09:00 AM,Microsoft-Windows-Kernel-Boot,4,27,The boot type was 0x0.
431,6/23/2025 1:09:00 AM,Microsoft-Windows-Kernel-Boot,4,18,There are 0x1 boot options on this system.
432,6/23/2025 1:09:00 AM,Microsoft-Windows-Kernel-Boot,4,32,The bootmgr spent 0 ms waiting for user input.
452,6/23/2025 1:09:09 AM,Microsoft-Windows-Kernel-Processor-Power,4,55,Processor 11 in group 0 exposes the following power management capabilities: Idle state type: ACPI Idle (LPI) States (3 state(s)) Performance state type: ACPI Collaborative Processor Performance Control Nominal Frequency (MHz): 3294 Maximum performance percentage: 157 Minimum performance percentage: 33 Minimum throttle percentage: 12
451,6/23/2025 1:09:09 AM,Microsoft-Windows-Kernel-Processor-Power,4,55,Processor 10 in group 0 exposes the following power management capabilities: Idle state type: ACPI Idle (LPI) States (3 state(s)) Performance state type: ACPI Collaborative Processor Performance Control Nominal Frequency (MHz): 3294 Maximum performance percentage: 157 Minimum performance percentage: 33 Minimum throttle percentage: 12
450,6/23/2025 1:09:09 AM,Microsoft-Windows-Kernel-Processor-Power,4,55,Processor 9 in group 0 exposes the following power management capabilities: Idle state type: ACPI Idle (LPI) States (3 state(s)) Performance state type: ACPI Collaborative Processor Performance Control Nominal Frequency (MHz): 3294 Maximum performance percentage: 175 Minimum performance percentage: 33 Minimum throttle percentage: 12
449,6/23/2025 1:09:09 AM,Microsoft-Windows-Kernel-Processor-Power,4,55,Processor 8 in group 0 exposes the following power management capabilities: Idle state type: ACPI Idle (LPI) States (3 state(s)) Performance state type: ACPI Collaborative Processor Performance Control Nominal Frequency (MHz): 3294 Maximum performance percentage: 175 Minimum performance percentage: 33 Minimum throttle percentage: 12
448,6/23/2025 1:09:09 AM,Microsoft-Windows-Kernel-Processor-Power,4,55,Processor 7 in group 0 exposes the following power management capabilities: Idle state type: ACPI Idle (LPI) States (3 state(s)) Performance state type: ACPI Collaborative Processor Performance Control Nominal Frequency (MHz): 3294 Maximum performance percentage: 148 Minimum performance percentage: 33 Minimum throttle percentage: 12
447,6/23/2025 1:09:09 AM,Microsoft-Windows-Kernel-Processor-Power,4,55,Processor 6 in group 0 exposes the following power management capabilities: Idle state type: ACPI Idle (LPI) States (3 state(s)) Performance state type: ACPI Collaborative Processor Performance Control Nominal Frequency (MHz): 3294 Maximum performance percentage: 148 Minimum performance percentage: 33 Minimum throttle percentage: 12
446,6/23/2025 1:09:09 AM,Microsoft-Windows-Kernel-Processor-Power,4,55,Processor 5 in group 0 exposes the following power management capabilities: Idle state type: ACPI Idle (LPI) States (3 state(s)) Performance state type: ACPI Collaborative Processor Performance Control Nominal Frequency (MHz): 3294 Maximum performance percentage: 170 Minimum performance percentage: 33 Minimum throttle percentage: 12
445,6/23/2025 1:09:09 AM,Microsoft-Windows-Kernel-Processor-Power,4,55,Processor 4 in group 0 exposes the following power management capabilities: Idle state type: ACPI Idle (LPI) States (3 state(s)) Performance state type: ACPI Collaborative Processor Performance Control Nominal Frequency (MHz): 3294 Maximum performance percentage: 170 Minimum performance percentage: 33 Minimum throttle percentage: 12
444,6/23/2025 1:09:09 AM,Microsoft-Windows-Kernel-Processor-Power,4,55,Processor 3 in group 0 exposes the following power management capabilities: Idle state type: ACPI Idle (LPI) States (3 state(s)) Performance state type: ACPI Collaborative Processor Performance Control Nominal Frequency (MHz): 3294 Maximum performance percentage: 152 Minimum performance percentage: 33 Minimum throttle percentage: 12
454,6/23/2025 1:09:09 AM,Microsoft-Windows-Kernel-Processor-Power,4,55,Processor 13 in group 0 exposes the following power management capabilities: Idle state type: ACPI Idle (LPI) States (3 state(s)) Performance state type: ACPI Collaborative Processor Performance Control Nominal Frequency (MHz): 3294 Maximum performance percentage: 175 Minimum performance percentage: 33 Minimum throttle percentage: 12
443,6/23/2025 1:09:09 AM,Microsoft-Windows-Kernel-Processor-Power,4,55,Processor 2 in group 0 exposes the following power management capabilities: Idle state type: ACPI Idle (LPI) States (3 state(s)) Performance state type: ACPI Collaborative Processor Performance Control Nominal Frequency (MHz): 3294 Maximum performance percentage: 152 Minimum performance percentage: 33 Minimum throttle percentage: 12
441,6/23/2025 1:09:09 AM,Microsoft-Windows-Kernel-Processor-Power,4,55,Processor 0 in group 0 exposes the following power management capabilities: Idle state type: ACPI Idle (LPI) States (3 state(s)) Performance state type: ACPI Collaborative Processor Performance Control Nominal Frequency (MHz): 3294 Maximum performance percentage: 166 Minimum performance percentage: 33 Minimum throttle percentage: 12
440,6/23/2025 1:09:07 AM,Microsoft-Windows-FilterManager,4,6,"File System Filter 'npsvctrig' (10.0, ‎1977‎-‎09‎-‎12T08:19:34.000000000Z) has successfully loaded and registered with Filter Manager."
439,6/23/2025 1:09:07 AM,Microsoft-Windows-FilterManager,4,6,"File System Filter 'FileCrypt' (10.0, ‎2011‎-‎10‎-‎30T08:56:49.000000000Z) has successfully loaded and registered with Filter Manager."
438,6/23/2025 1:09:07 AM,Microsoft-Windows-Ntfs,4,98,Volume C: (\Device\HarddiskVolume4) is healthy.  No action is needed.
437,6/23/2025 1:09:07 AM,Microsoft-Windows-FilterManager,4,6,"File System Filter 'WdFilter' (10.0, ‎2073‎-‎10‎-‎13T02:22:50.000000000Z) has successfully loaded and registered with Filter Manager."
436,6/23/2025 1:09:07 AM,Microsoft-Windows-FilterManager,4,6,"File System Filter 'Wof' (10.0, ‎2002‎-‎04‎-‎12T14:36:07.000000000Z) has successfully loaded and registered with Filter Manager."
435,6/23/2025 1:09:07 AM,Microsoft-Windows-FilterManager,4,6,"File System Filter 'FileInfo' (10.0, ‎1989‎-‎07‎-‎12T18:15:12.000000000Z) has successfully loaded and registered with Filter Manager."
434,6/23/2025 1:09:00 AM,Microsoft-Windows-Kernel-General,4,20,The leap second configuration has been updated. Reason: Leap second data initialized from registry during boot Leap seconds enabled: true New leap second count: 0 Old leap second count: 0
433,6/23/2025 1:09:00 AM,Microsoft-Windows-Kernel-Boot,4,30,The firmware reported boot metrics.
442,6/23/2025 1:09:09 AM,Microsoft-Windows-Kernel-Processor-Power,4,55,Processor 1 in group 0 exposes the following power management capabilities: Idle state type: ACPI Idle (LPI) States (3 state(s)) Performance state type: ACPI Collaborative Processor Performance Control Nominal Frequency (MHz): 3294 Maximum performance percentage: 166 Minimum performance percentage: 33 Minimum throttle percentage: 12
502,6/23/2025 1:11:10 AM,Microsoft-Windows-Kernel-Boot,4,20,The last shutdown's success status was true. The last boot's success status was true.
503,6/23/2025 1:11:10 AM,Microsoft-Windows-Kernel-Boot,4,25,The boot menu policy was 0x1.
504,6/23/2025 1:11:10 AM,Microsoft-Windows-Kernel-Boot,4,27,The boot type was 0x0.
575,6/23/2025 3:46:06 AM,Microsoft-Windows-Kernel-Processor-Power,4,55,Processor 2 in group 0 exposes the following power management capabilities: Idle state type: ACPI Idle (LPI) States (3 state(s)) Performance state type: ACPI Collaborative Processor Performance Control Nominal Frequency (MHz): 3294 Maximum performance percentage: 152 Minimum performance percentage: 33 Minimum throttle percentage: 12
574,6/23/2025 3:46:06 AM,Microsoft-Windows-Kernel-Processor-Power,4,55,Processor 1 in group 0 exposes the following power management capabilities: Idle state type: ACPI Idle (LPI) States (3 state(s)) Performance state type: ACPI Collaborative Processor Performance Control Nominal Frequency (MHz): 3294 Maximum performance percentage: 166 Minimum performance percentage: 33 Minimum throttle percentage: 12
573,6/23/2025 3:46:06 AM,Microsoft-Windows-Kernel-Processor-Power,4,55,Processor 0 in group 0 exposes the following power management capabilities: Idle state type: ACPI Idle (LPI) States (3 state(s)) Performance state type: ACPI Collaborative Processor Performance Control Nominal Frequency (MHz): 3294 Maximum performance percentage: 166 Minimum performance percentage: 33 Minimum throttle percentage: 12
571,6/23/2025 3:46:05 AM,Microsoft-Windows-FilterManager,4,6,"File System Filter 'npsvctrig' (10.0, ‎1977‎-‎09‎-‎12T08:19:34.000000000Z) has successfully loaded and registered with Filter Manager."
570,6/23/2025 3:46:05 AM,Microsoft-Windows-FilterManager,4,6,"File System Filter 'FileCrypt' (10.0, ‎2011‎-‎10‎-‎30T08:56:49.000000000Z) has successfully loaded and registered with Filter Manager."
569,6/23/2025 3:46:05 AM,Microsoft-Windows-Ntfs,4,98,Volume C: (\Device\HarddiskVolume4) is healthy.  No action is needed.
568,6/23/2025 3:46:02 AM,Microsoft-Windows-FilterManager,4,6,"File System Filter 'WdFilter' (10.0, ‎2073‎-‎10‎-‎13T02:22:50.000000000Z) has successfully loaded and registered with Filter Manager."
567,6/23/2025 3:46:02 AM,Microsoft-Windows-FilterManager,4,6,"File System Filter 'Wof' (10.0, ‎2002‎-‎04‎-‎12T14:36:07.000000000Z) has successfully loaded and registered with Filter Manager."
566,6/23/2025 3:46:02 AM,Microsoft-Windows-FilterManager,4,6,"File System Filter 'FileInfo' (10.0, ‎1989‎-‎07‎-‎12T18:15:12.000000000Z) has successfully loaded and registered with Filter Manager."
565,6/23/2025 3:46:34 AM,EventLog,4,6013,The system uptime is 38 seconds.
564,6/23/2025 3:45:55 AM,Microsoft-Windows-Kernel-General,4,20,The leap second configuration has been updated. Reason: Leap second data initialized from registry during boot Leap seconds enabled: true New leap second count: 0 Old leap second count: 0
563,6/23/2025 3:45:55 AM,Microsoft-Windows-Kernel-Boot,4,30,The firmware reported boot metrics.
562,6/23/2025 3:45:55 AM,Microsoft-Windows-Kernel-Boot,4,32,The bootmgr spent 0 ms waiting for user input.
561,6/23/2025 3:45:55 AM,Microsoft-Windows-Kernel-Boot,4,18,There are 0x1 boot options on this system.
560,6/23/2025 3:45:55 AM,Microsoft-Windows-Kernel-Boot,4,27,The boot type was 0x0.
559,6/23/2025 3:45:55 AM,Microsoft-Windows-Kernel-Boot,4,25,The boot menu policy was 0x1.
558,6/23/2025 3:46:34 AM,EventLog,4,6005,The Event log service was started.
557,6/23/2025 3:45:55 AM,Microsoft-Windows-Kernel-Boot,4,20,The last shutdown's success status was false. The last boot's success status was true.
556,6/23/2025 3:46:34 AM,EventLog,4,6009,Microsoft (R) Windows (R) 10.00. 18362  Multiprocessor Free.
576,6/23/2025 3:46:06 AM,Microsoft-Windows-Kernel-Processor-Power,4,55,Processor 3 in group 0 exposes the following power management capabilities: Idle state type: ACPI Idle (LPI) States (3 state(s)) Performance state type: ACPI Collaborative Processor Performance Control Nominal Frequency (MHz): 3294 Maximum performance percentage: 152 Minimum performance percentage: 33 Minimum throttle percentage: 12
577,6/23/2025 3:46:06 AM,Microsoft-Windows-Kernel-Processor-Power,4,55,Processor 4 in group 0 exposes the following power management capabilities: Idle state type: ACPI Idle (LPI) States (3 state(s)) Performance state type: ACPI Collaborative Processor Performance Control Nominal Frequency (MHz): 3294 Maximum performance percentage: 170 Minimum performance percentage: 33 Minimum throttle percentage: 12
578,6/23/2025 3:46:06 AM,Microsoft-Windows-Kernel-Processor-Power,4,55,Processor 5 in group 0 exposes the following power management capabilities: Idle state type: ACPI Idle (LPI) States (3 state(s)) Performance state type: ACPI Collaborative Processor Performance Control Nominal Frequency (MHz): 3294 Maximum performance percentage: 170 Minimum performance percentage: 33 Minimum throttle percentage: 12
579,6/23/2025 3:46:06 AM,Microsoft-Windows-Kernel-Processor-Power,4,55,Processor 6 in group 0 exposes the following power management capabilities: Idle state type: ACPI Idle (LPI) States (3 state(s)) Performance state type: ACPI Collaborative Processor Performance Control Nominal Frequency (MHz): 3294 Maximum performance percentage: 148 Minimum performance percentage: 33 Minimum throttle percentage: 12
600,6/23/2025 3:46:34 AM,Microsoft-Windows-FilterManager,4,6,"File System Filter 'wcifs' (10.0, ‎2021‎-‎10‎-‎19T06:10:02.000000000Z) has successfully loaded and registered with Filter Manager."
599,6/23/2025 3:46:34 AM,Microsoft-Windows-DHCPv6-Client,4,51046,DHCPv6 client service is started
598,6/23/2025 3:46:34 AM,Microsoft-Windows-Dhcp-Client,4,50103,DHCPv4 client registered for shutdown notification
597,6/23/2025 3:46:34 AM,Microsoft-Windows-Dhcp-Client,4,50036,DHCPv4 client service is started
596,6/23/2025 3:46:27 AM,Win32k,4,267,Touch/Touchpad Hardware Quality Assurance verification succeeded.
595,6/23/2025 3:46:27 AM,Win32k,4,267,Touch/Touchpad Hardware Quality Assurance verification succeeded.
594,6/23/2025 3:46:27 AM,Microsoft-Windows-Directory-Services-SAM,4,16962,Remote calls to the SAM database are being restricted using the default security descriptor: O:SYG:SYD:(A;;RC;;;BA). For more information please see http://go.microsoft.com/fwlink/?LinkId=787651.
593,6/23/2025 3:46:27 AM,Microsoft-Windows-Wininit,4,14,"Credential Guard configuration: 0x0, 0"
592,6/23/2025 3:46:24 AM,Microsoft-Windows-Ntfs,4,98,Volume \\?\Volume{1ba45877-b4cf-4e17-9412-317be10b8e00} (\Device\HarddiskVolume1) is healthy.  No action is needed.
555,6/23/2025 3:45:55 AM,Microsoft-Windows-Kernel-Boot,4,153,Virtualization-based security (policies: 0) is disabled.
591,6/23/2025 3:46:07 AM,Microsoft-Windows-Kernel-Power,4,521,Active battery count change.
589,6/23/2025 3:46:07 AM,Microsoft-Windows-Kernel-Processor-Power,4,55,Processor 15 in group 0 exposes the following power management capabilities: Idle state type: ACPI Idle (LPI) States (3 state(s)) Performance state type: ACPI Collaborative Processor Performance Control Nominal Frequency (MHz): 3294 Maximum performance percentage: 161 Minimum performance percentage: 33 Minimum throttle percentage: 12
588,6/23/2025 3:46:07 AM,Microsoft-Windows-Kernel-Processor-Power,4,55,Processor 14 in group 0 exposes the following power management capabilities: Idle state type: ACPI Idle (LPI) States (3 state(s)) Performance state type: ACPI Collaborative Processor Performance Control Nominal Frequency (MHz): 3294 Maximum performance percentage: 161 Minimum performance percentage: 33 Minimum throttle percentage: 12
586,6/23/2025 3:46:06 AM,Microsoft-Windows-Kernel-Processor-Power,4,55,Processor 13 in group 0 exposes the following power management capabilities: Idle state type: ACPI Idle (LPI) States (3 state(s)) Performance state type: ACPI Collaborative Processor Performance Control Nominal Frequency (MHz): 3294 Maximum performance percentage: 175 Minimum performance percentage: 33 Minimum throttle percentage: 12
585,6/23/2025 3:46:06 AM,Microsoft-Windows-Kernel-Processor-Power,4,55,Processor 12 in group 0 exposes the following power management capabilities: Idle state type: ACPI Idle (LPI) States (3 state(s)) Performance state type: ACPI Collaborative Processor Performance Control Nominal Frequency (MHz): 3294 Maximum performance percentage: 175 Minimum performance percentage: 33 Minimum throttle percentage: 12
584,6/23/2025 3:46:06 AM,Microsoft-Windows-Kernel-Processor-Power,4,55,Processor 11 in group 0 exposes the following power management capabilities: Idle state type: ACPI Idle (LPI) States (3 state(s)) Performance state type: ACPI Collaborative Processor Performance Control Nominal Frequency (MHz): 3294 Maximum performance percentage: 157 Minimum performance percentage: 33 Minimum throttle percentage: 12
583,6/23/2025 3:46:06 AM,Microsoft-Windows-Kernel-Processor-Power,4,55,Processor 10 in group 0 exposes the following power management capabilities: Idle state type: ACPI Idle (LPI) States (3 state(s)) Performance state type: ACPI Collaborative Processor Performance Control Nominal Frequency (MHz): 3294 Maximum performance percentage: 157 Minimum performance percentage: 33 Minimum throttle percentage: 12
582,6/23/2025 3:46:06 AM,Microsoft-Windows-Kernel-Processor-Power,4,55,Processor 9 in group 0 exposes the following power management capabilities: Idle state type: ACPI Idle (LPI) States (3 state(s)) Performance state type: ACPI Collaborative Processor Performance Control Nominal Frequency (MHz): 3294 Maximum performance percentage: 175 Minimum performance percentage: 33 Minimum throttle percentage: 12
581,6/23/2025 3:46:06 AM,Microsoft-Windows-Kernel-Processor-Power,4,55,Processor 8 in group 0 exposes the following power management capabilities: Idle state type: ACPI Idle (LPI) States (3 state(s)) Performance state type: ACPI Collaborative Processor Performance Control Nominal Frequency (MHz): 3294 Maximum performance percentage: 175 Minimum performance percentage: 33 Minimum throttle percentage: 12
580,6/23/2025 3:46:06 AM,Microsoft-Windows-Kernel-Processor-Power,4,55,Processor 7 in group 0 exposes the following power management capabilities: Idle state type: ACPI Idle (LPI) States (3 state(s)) Performance state type: ACPI Collaborative Processor Performance Control Nominal Frequency (MHz): 3294 Maximum performance percentage: 148 Minimum performance percentage: 33 Minimum throttle percentage: 12
590,6/23/2025 3:46:07 AM,Microsoft-Windows-Kernel-Power,4,521,Active battery count change.
553,6/23/2025 3:45:55 AM,Microsoft-Windows-Kernel-General,4,12,The operating system started at system time ‎2025‎-‎06‎-‎23T10:45:55.500000000Z.
552,6/23/2025 1:12:43 AM,Service Control Manager,4,7045,A service was installed in the system. Service Name:  NVIDIA Display Container LS Service File Name:  %SystemRoot%\System32\DriverStore\FileRepository\nvam.inf_amd64_781ffb41adaaffdc\Display.NvContainer\NVDisplay.Container.exe Service Type:  user mode service Service Start Type:  auto start Service Account:  LocalSystem
551,6/23/2025 1:12:43 AM,Microsoft-Windows-UserPnp,4,20003,Driver Management has concluded the process to add Service nvlddmkm for Device Instance ID PCI\VEN_10DE&DEV_2520&SUBSYS_107C1043&REV_A1\4&1BA6DC09&0&0009 with the following status: 0.
524,6/23/2025 1:11:19 AM,Microsoft-Windows-Kernel-Processor-Power,4,55,Processor 9 in group 0 exposes the following power management capabilities: Idle state type: ACPI Idle (LPI) States (3 state(s)) Performance state type: ACPI Collaborative Processor Performance Control Nominal Frequency (MHz): 3294 Maximum performance percentage: 175 Minimum performance percentage: 33 Minimum throttle percentage: 12
523,6/23/2025 1:11:19 AM,Microsoft-Windows-Kernel-Processor-Power,4,55,Processor 8 in group 0 exposes the following power management capabilities: Idle state type: ACPI Idle (LPI) States (3 state(s)) Performance state type: ACPI Collaborative Processor Performance Control Nominal Frequency (MHz): 3294 Maximum performance percentage: 175 Minimum performance percentage: 33 Minimum throttle percentage: 12
522,6/23/2025 1:11:19 AM,Microsoft-Windows-Kernel-Processor-Power,4,55,Processor 7 in group 0 exposes the following power management capabilities: Idle state type: ACPI Idle (LPI) States (3 state(s)) Performance state type: ACPI Collaborative Processor Performance Control Nominal Frequency (MHz): 3294 Maximum performance percentage: 148 Minimum performance percentage: 33 Minimum throttle percentage: 12
521,6/23/2025 1:11:19 AM,Microsoft-Windows-Kernel-Processor-Power,4,55,Processor 6 in group 0 exposes the following power management capabilities: Idle state type: ACPI Idle (LPI) States (3 state(s)) Performance state type: ACPI Collaborative Processor Performance Control Nominal Frequency (MHz): 3294 Maximum performance percentage: 148 Minimum performance percentage: 33 Minimum throttle percentage: 12
520,6/23/2025 1:11:19 AM,Microsoft-Windows-Kernel-Processor-Power,4,55,Processor 5 in group 0 exposes the following power management capabilities: Idle state type: ACPI Idle (LPI) States (3 state(s)) Performance state type: ACPI Collaborative Processor Performance Control Nominal Frequency (MHz): 3294 Maximum performance percentage: 170 Minimum performance percentage: 33 Minimum throttle percentage: 12
519,6/23/2025 1:11:19 AM,Microsoft-Windows-Kernel-Processor-Power,4,55,Processor 4 in group 0 exposes the following power management capabilities: Idle state type: ACPI Idle (LPI) States (3 state(s)) Performance state type: ACPI Collaborative Processor Performance Control Nominal Frequency (MHz): 3294 Maximum performance percentage: 170 Minimum performance percentage: 33 Minimum throttle percentage: 12
518,6/23/2025 1:11:19 AM,Microsoft-Windows-Kernel-Processor-Power,4,55,Processor 3 in group 0 exposes the following power management capabilities: Idle state type: ACPI Idle (LPI) States (3 state(s)) Performance state type: ACPI Collaborative Processor Performance Control Nominal Frequency (MHz): 3294 Maximum performance percentage: 152 Minimum performance percentage: 33 Minimum throttle percentage: 12
517,6/23/2025 1:11:19 AM,Microsoft-Windows-Kernel-Processor-Power,4,55,Processor 2 in group 0 exposes the following power management capabilities: Idle state type: ACPI Idle (LPI) States (3 state(s)) Performance state type: ACPI Collaborative Processor Performance Control Nominal Frequency (MHz): 3294 Maximum performance percentage: 152 Minimum performance percentage: 33 Minimum throttle percentage: 12
516,6/23/2025 1:11:19 AM,Microsoft-Windows-Kernel-Processor-Power,4,55,Processor 1 in group 0 exposes the following power management capabilities: Idle state type: ACPI Idle (LPI) States (3 state(s)) Performance state type: ACPI Collaborative Processor Performance Control Nominal Frequency (MHz): 3294 Maximum performance percentage: 166 Minimum performance percentage: 33 Minimum throttle percentage: 12
525,6/23/2025 1:11:19 AM,Microsoft-Windows-Kernel-Processor-Power,4,55,Processor 10 in group 0 exposes the following power management capabilities: Idle state type: ACPI Idle (LPI) States (3 state(s)) Performance state type: ACPI Collaborative Processor Performance Control Nominal Frequency (MHz): 3294 Maximum performance percentage: 157 Minimum performance percentage: 33 Minimum throttle percentage: 12
515,6/23/2025 1:11:19 AM,Microsoft-Windows-Kernel-Processor-Power,4,55,Processor 0 in group 0 exposes the following power management capabilities: Idle state type: ACPI Idle (LPI) States (3 state(s)) Performance state type: ACPI Collaborative Processor Performance Control Nominal Frequency (MHz): 3294 Maximum performance percentage: 166 Minimum performance percentage: 33 Minimum throttle percentage: 12
513,6/23/2025 1:11:18 AM,Microsoft-Windows-FilterManager,4,6,"File System Filter 'FileCrypt' (10.0, ‎2011‎-‎10‎-‎30T08:56:49.000000000Z) has successfully loaded and registered with Filter Manager."
512,6/23/2025 1:11:18 AM,Microsoft-Windows-Ntfs,4,98,Volume C: (\Device\HarddiskVolume4) is healthy.  No action is needed.
511,6/23/2025 1:11:17 AM,Microsoft-Windows-FilterManager,4,6,"File System Filter 'WdFilter' (10.0, ‎2073‎-‎10‎-‎13T02:22:50.000000000Z) has successfully loaded and registered with Filter Manager."
510,6/23/2025 1:11:17 AM,Microsoft-Windows-FilterManager,4,6,"File System Filter 'Wof' (10.0, ‎2002‎-‎04‎-‎12T14:36:07.000000000Z) has successfully loaded and registered with Filter Manager."
509,6/23/2025 1:11:17 AM,Microsoft-Windows-FilterManager,4,6,"File System Filter 'FileInfo' (10.0, ‎1989‎-‎07‎-‎12T18:15:12.000000000Z) has successfully loaded and registered with Filter Manager."
508,6/23/2025 1:11:10 AM,Microsoft-Windows-Kernel-General,4,20,The leap second configuration has been updated. Reason: Leap second data initialized from registry during boot Leap seconds enabled: true New leap second count: 0 Old leap second count: 0
507,6/23/2025 1:11:10 AM,Microsoft-Windows-Kernel-Boot,4,30,The firmware reported boot metrics.
506,6/23/2025 1:11:10 AM,Microsoft-Windows-Kernel-Boot,4,32,The bootmgr spent 0 ms waiting for user input.
505,6/23/2025 1:11:10 AM,Microsoft-Windows-Kernel-Boot,4,18,There are 0x1 boot options on this system.
514,6/23/2025 1:11:18 AM,Microsoft-Windows-FilterManager,4,6,"File System Filter 'npsvctrig' (10.0, ‎1977‎-‎09‎-‎12T08:19:34.000000000Z) has successfully loaded and registered with Filter Manager."
602,6/23/2025 3:46:34 AM,Microsoft-Windows-FilterManager,4,6,"File System Filter 'CldFlt' (10.0, ‎1976‎-‎11‎-‎19T00:44:15.000000000Z) has successfully loaded and registered with Filter Manager."
526,6/23/2025 1:11:19 AM,Microsoft-Windows-Kernel-Processor-Power,4,55,Processor 11 in group 0 exposes the following power management capabilities: Idle state type: ACPI Idle (LPI) States (3 state(s)) Performance state type: ACPI Collaborative Processor Performance Control Nominal Frequency (MHz): 3294 Maximum performance percentage: 157 Minimum performance percentage: 33 Minimum throttle percentage: 12
528,6/23/2025 1:11:19 AM,Microsoft-Windows-Kernel-Processor-Power,4,55,Processor 13 in group 0 exposes the following power management capabilities: Idle state type: ACPI Idle (LPI) States (3 state(s)) Performance state type: ACPI Collaborative Processor Performance Control Nominal Frequency (MHz): 3294 Maximum performance percentage: 175 Minimum performance percentage: 33 Minimum throttle percentage: 12
550,6/23/2025 1:12:42 AM,Service Control Manager,4,7045,A service was installed in the system. Service Name:  nvlddmkm Service File Name:  \SystemRoot\System32\DriverStore\FileRepository\nvam.inf_amd64_781ffb41adaaffdc\nvlddmkm.sys Service Type:  kernel mode driver Service Start Type:  demand start Service Account:  
549,6/23/2025 1:11:32 AM,Microsoft-Windows-Winlogon,4,7001,User Logon Notification for Customer Experience Improvement Program
548,6/23/2025 1:11:30 AM,TPM,4,18,This event triggers the Trusted Platform Module (TPM) provisioning/status check to run.
547,6/23/2025 1:11:28 AM,Microsoft-Windows-FilterManager,4,6,"File System Filter 'storqosflt' (10.0, ‎2084‎-‎07‎-‎23T22:29:44.000000000Z) has successfully loaded and registered with Filter Manager."
546,6/23/2025 1:11:28 AM,Microsoft-Windows-FilterManager,4,6,"File System Filter 'CldFlt' (10.0, ‎1976‎-‎11‎-‎19T00:44:15.000000000Z) has successfully loaded and registered with Filter Manager."
545,6/23/2025 1:11:28 AM,Microsoft-Windows-FilterManager,4,1,"File System Filter 'CldFlt' (Version 10.0, ‎1976‎-‎11‎-‎19T00:44:15.000000000Z) unloaded successfully."
544,6/23/2025 1:11:28 AM,Microsoft-Windows-FilterManager,4,6,"File System Filter 'CldFlt' (10.0, ‎1976‎-‎11‎-‎19T00:44:15.000000000Z) has successfully loaded and registered with Filter Manager."
543,6/23/2025 1:11:28 AM,Microsoft-Windows-FilterManager,4,6,"File System Filter 'wcifs' (10.0, ‎2021‎-‎10‎-‎19T06:10:02.000000000Z) has successfully loaded and registered with Filter Manager."
541,6/23/2025 1:11:28 AM,Microsoft-Windows-DHCPv6-Client,4,51046,DHCPv6 client service is started
527,6/23/2025 1:11:19 AM,Microsoft-Windows-Kernel-Processor-Power,4,55,Processor 12 in group 0 exposes the following power management capabilities: Idle state type: ACPI Idle (LPI) States (3 state(s)) Performance state type: ACPI Collaborative Processor Performance Control Nominal Frequency (MHz): 3294 Maximum performance percentage: 175 Minimum performance percentage: 33 Minimum throttle percentage: 12
540,6/23/2025 1:11:28 AM,Microsoft-Windows-Dhcp-Client,4,50103,DHCPv4 client registered for shutdown notification
538,6/23/2025 1:11:24 AM,Win32k,4,267,Touch/Touchpad Hardware Quality Assurance verification succeeded.
537,6/23/2025 1:11:24 AM,Microsoft-Windows-Directory-Services-SAM,4,16962,Remote calls to the SAM database are being restricted using the default security descriptor: O:SYG:SYD:(A;;RC;;;BA). For more information please see http://go.microsoft.com/fwlink/?LinkId=787651.
536,6/23/2025 1:11:24 AM,Microsoft-Windows-Wininit,4,14,"Credential Guard configuration: 0x0, 0"
535,6/23/2025 1:11:22 AM,Win32k,4,267,Touch/Touchpad Hardware Quality Assurance verification succeeded.
534,6/23/2025 1:11:22 AM,Microsoft-Windows-Ntfs,4,98,Volume \\?\Volume{1ba45877-b4cf-4e17-9412-317be10b8e00} (\Device\HarddiskVolume1) is healthy.  No action is needed.
533,6/23/2025 1:11:19 AM,Microsoft-Windows-Kernel-Power,4,521,Active battery count change.
531,6/23/2025 1:11:19 AM,Microsoft-Windows-Kernel-Power,4,521,Active battery count change.
530,6/23/2025 1:11:19 AM,Microsoft-Windows-Kernel-Processor-Power,4,55,Processor 15 in group 0 exposes the following power management capabilities: Idle state type: ACPI Idle (LPI) States (3 state(s)) Performance state type: ACPI Collaborative Processor Performance Control Nominal Frequency (MHz): 3294 Maximum performance percentage: 161 Minimum performance percentage: 33 Minimum throttle percentage: 12
529,6/23/2025 1:11:19 AM,Microsoft-Windows-Kernel-Processor-Power,4,55,Processor 14 in group 0 exposes the following power management capabilities: Idle state type: ACPI Idle (LPI) States (3 state(s)) Performance state type: ACPI Collaborative Processor Performance Control Nominal Frequency (MHz): 3294 Maximum performance percentage: 161 Minimum performance percentage: 33 Minimum throttle percentage: 12
539,6/23/2025 1:11:28 AM,Microsoft-Windows-Dhcp-Client,4,50036,DHCPv4 client service is started
797,6/23/2025 1:48:55 PM,Microsoft-Windows-FilterManager,4,6,"File System Filter 'storqosflt' (10.0, ‎2084‎-‎07‎-‎23T22:29:44.000000000Z) has successfully loaded and registered with Filter Manager."
791,6/23/2025 1:48:55 PM,Microsoft-Windows-DHCPv6-Client,4,51046,DHCPv6 client service is started
799,6/23/2025 1:48:55 PM,TPM,4,18,This event triggers the Trusted Platform Module (TPM) provisioning/status check to run.
1051,6/23/2025 6:20:01 PM,Microsoft-Windows-StartupRepair,4,1119,Failure during the installation of Windows.
1050,6/23/2025 6:20:01 PM,Microsoft-Windows-StartupRepair,4,1002,Startup Repair failed.
1049,6/23/2025 6:20:01 PM,TPM,4,18,This event triggers the Trusted Platform Module (TPM) provisioning/status check to run.
1048,6/23/2025 6:19:59 PM,Microsoft-Windows-Winlogon,4,7001,User Logon Notification for Customer Experience Improvement Program
1047,6/23/2025 6:19:59 PM,Microsoft-Windows-FilterManager,4,6,"File System Filter 'storqosflt' (10.0, ‎2084‎-‎07‎-‎23T22:29:44.000000000Z) has successfully loaded and registered with Filter Manager."
1046,6/23/2025 6:19:59 PM,Microsoft-Windows-FilterManager,4,6,"File System Filter 'CldFlt' (10.0, ‎1976‎-‎11‎-‎19T00:44:15.000000000Z) has successfully loaded and registered with Filter Manager."
1045,6/23/2025 6:19:59 PM,Microsoft-Windows-FilterManager,4,1,"File System Filter 'CldFlt' (Version 10.0, ‎1976‎-‎11‎-‎19T00:44:15.000000000Z) unloaded successfully."
1044,6/23/2025 6:19:59 PM,Microsoft-Windows-FilterManager,4,6,"File System Filter 'CldFlt' (10.0, ‎1976‎-‎11‎-‎19T00:44:15.000000000Z) has successfully loaded and registered with Filter Manager."
1043,6/23/2025 6:19:59 PM,Microsoft-Windows-FilterManager,4,6,"File System Filter 'luafv' (10.0, ‎1974‎-‎08‎-‎09T06:33:30.000000000Z) has successfully loaded and registered with Filter Manager."
1042,6/23/2025 6:19:59 PM,Microsoft-Windows-FilterManager,4,6,"File System Filter 'wcifs' (10.0, ‎2021‎-‎10‎-‎19T06:10:02.000000000Z) has successfully loaded and registered with Filter Manager."
1041,6/23/2025 6:19:59 PM,Microsoft-Windows-DHCPv6-Client,4,51046,DHCPv6 client service is started
1040,6/23/2025 6:19:59 PM,Microsoft-Windows-Dhcp-Client,4,50103,DHCPv4 client registered for shutdown notification
1039,6/23/2025 6:19:59 PM,Microsoft-Windows-Dhcp-Client,4,50036,DHCPv4 client service is started
1038,6/23/2025 6:19:55 PM,Win32k,4,267,Touch/Touchpad Hardware Quality Assurance verification succeeded.
1037,6/23/2025 6:19:54 PM,Win32k,4,267,Touch/Touchpad Hardware Quality Assurance verification succeeded.
1036,6/23/2025 6:19:54 PM,Microsoft-Windows-Directory-Services-SAM,4,16962,Remote calls to the SAM database are being restricted using the default security descriptor: O:SYG:SYD:(A;;RC;;;BA). For more information please see http://go.microsoft.com/fwlink/?LinkId=787651.
1035,6/23/2025 6:19:54 PM,Microsoft-Windows-Wininit,4,14,"Credential Guard configuration: 0x0, 0"
1034,6/23/2025 6:19:52 PM,Microsoft-Windows-Ntfs,4,98,Volume \\?\Volume{1ba45877-b4cf-4e17-9412-317be10b8e00} (\Device\HarddiskVolume1) is healthy.  No action is needed.
1033,6/23/2025 6:19:51 PM,Microsoft-Windows-Ntfs,4,98,Volume H: (\Device\HarddiskVolume8) is healthy.  No action is needed.
1052,6/23/2025 6:22:48 PM,Microsoft-Windows-Kernel-General,4,12,The operating system started at system time ‎2025‎-‎06‎-‎24T01:22:48.500000000Z.
1054,6/23/2025 6:23:16 PM,EventLog,4,6009,Microsoft (R) Windows (R) 10.00. 18362  Multiprocessor Free.
1055,6/23/2025 6:23:16 PM,EventLog,4,6005,The Event log service was started.
1056,6/23/2025 6:23:16 PM,EventLog,4,6013,The system uptime is 27 seconds.
1077,6/23/2025 6:22:57 PM,Microsoft-Windows-Kernel-Processor-Power,4,55,Processor 5 in group 0 exposes the following power management capabilities: Idle state type: ACPI Idle (LPI) States (3 state(s)) Performance state type: ACPI Collaborative Processor Performance Control Nominal Frequency (MHz): 3294 Maximum performance percentage: 170 Minimum performance percentage: 33 Minimum throttle percentage: 12
1076,6/23/2025 6:22:57 PM,Microsoft-Windows-Kernel-Processor-Power,4,55,Processor 4 in group 0 exposes the following power management capabilities: Idle state type: ACPI Idle (LPI) States (3 state(s)) Performance state type: ACPI Collaborative Processor Performance Control Nominal Frequency (MHz): 3294 Maximum performance percentage: 170 Minimum performance percentage: 33 Minimum throttle percentage: 12
1075,6/23/2025 6:22:57 PM,Microsoft-Windows-Kernel-Processor-Power,4,55,Processor 3 in group 0 exposes the following power management capabilities: Idle state type: ACPI Idle (LPI) States (3 state(s)) Performance state type: ACPI Collaborative Processor Performance Control Nominal Frequency (MHz): 3294 Maximum performance percentage: 152 Minimum performance percentage: 33 Minimum throttle percentage: 12
1074,6/23/2025 6:22:57 PM,Microsoft-Windows-Kernel-Processor-Power,4,55,Processor 2 in group 0 exposes the following power management capabilities: Idle state type: ACPI Idle (LPI) States (3 state(s)) Performance state type: ACPI Collaborative Processor Performance Control Nominal Frequency (MHz): 3294 Maximum performance percentage: 152 Minimum performance percentage: 33 Minimum throttle percentage: 12
1073,6/23/2025 6:22:57 PM,Microsoft-Windows-Kernel-Processor-Power,4,55,Processor 1 in group 0 exposes the following power management capabilities: Idle state type: ACPI Idle (LPI) States (3 state(s)) Performance state type: ACPI Collaborative Processor Performance Control Nominal Frequency (MHz): 3294 Maximum performance percentage: 166 Minimum performance percentage: 33 Minimum throttle percentage: 12
1072,6/23/2025 6:22:57 PM,Microsoft-Windows-Kernel-Processor-Power,4,55,Processor 0 in group 0 exposes the following power management capabilities: Idle state type: ACPI Idle (LPI) States (3 state(s)) Performance state type: ACPI Collaborative Processor Performance Control Nominal Frequency (MHz): 3294 Maximum performance percentage: 166 Minimum performance percentage: 33 Minimum throttle percentage: 12
1070,6/23/2025 6:22:56 PM,Microsoft-Windows-FilterManager,4,6,"File System Filter 'npsvctrig' (10.0, ‎1977‎-‎09‎-‎12T08:19:34.000000000Z) has successfully loaded and registered with Filter Manager."
1069,6/23/2025 6:22:56 PM,Microsoft-Windows-FilterManager,4,6,"File System Filter 'FileCrypt' (10.0, ‎2011‎-‎10‎-‎30T08:56:49.000000000Z) has successfully loaded and registered with Filter Manager."
1068,6/23/2025 6:22:56 PM,Microsoft-Windows-Ntfs,4,98,Volume C: (\Device\HarddiskVolume4) is healthy.  No action is needed.
1032,6/23/2025 6:19:50 PM,Microsoft-Windows-Ntfs,4,98,Volume I: (\Device\HarddiskVolume11) is healthy.  No action is needed.
1067,6/23/2025 6:22:55 PM,Microsoft-Windows-FilterManager,4,6,"File System Filter 'WdFilter' (10.0, ‎2073‎-‎10‎-‎13T02:22:50.000000000Z) has successfully loaded and registered with Filter Manager."
1065,6/23/2025 6:22:55 PM,Microsoft-Windows-FilterManager,4,6,"File System Filter 'FileInfo' (10.0, ‎1989‎-‎07‎-‎12T18:15:12.000000000Z) has successfully loaded and registered with Filter Manager."
1064,6/23/2025 6:22:48 PM,Microsoft-Windows-Kernel-General,4,20,The leap second configuration has been updated. Reason: Leap second data initialized from registry during boot Leap seconds enabled: true New leap second count: 0 Old leap second count: 0
1063,6/23/2025 6:22:48 PM,Microsoft-Windows-Kernel-Boot,4,30,The firmware reported boot metrics.
1062,6/23/2025 6:22:48 PM,Microsoft-Windows-Kernel-Boot,4,32,The bootmgr spent 0 ms waiting for user input.
1061,6/23/2025 6:22:48 PM,Microsoft-Windows-Kernel-Boot,4,18,There are 0x1 boot options on this system.
1060,6/23/2025 6:22:48 PM,Microsoft-Windows-Kernel-Boot,4,27,The boot type was 0x0.
1059,6/23/2025 6:22:48 PM,Microsoft-Windows-Kernel-Boot,4,25,The boot menu policy was 0x1.
1058,6/23/2025 6:22:48 PM,Microsoft-Windows-Kernel-Boot,4,20,The last shutdown's success status was true. The last boot's success status was true.
1057,6/23/2025 6:22:48 PM,Microsoft-Windows-Kernel-Boot,4,153,Virtualization-based security (policies: 0) is disabled.
1066,6/23/2025 6:22:55 PM,Microsoft-Windows-FilterManager,4,6,"File System Filter 'Wof' (10.0, ‎2002‎-‎04‎-‎12T14:36:07.000000000Z) has successfully loaded and registered with Filter Manager."
1078,6/23/2025 6:22:57 PM,Microsoft-Windows-Kernel-Processor-Power,4,55,Processor 6 in group 0 exposes the following power management capabilities: Idle state type: ACPI Idle (LPI) States (3 state(s)) Performance state type: ACPI Collaborative Processor Performance Control Nominal Frequency (MHz): 3294 Maximum performance percentage: 148 Minimum performance percentage: 33 Minimum throttle percentage: 12
1031,6/23/2025 6:19:46 PM,Microsoft-Windows-Ntfs,4,98,Volume G: (\Device\HarddiskVolume7) is healthy.  No action is needed.
1029,6/23/2025 6:19:41 PM,Microsoft-Windows-Kernel-Power,4,521,Active battery count change.
1003,6/23/2025 6:19:31 PM,Microsoft-Windows-Kernel-Boot,4,32,The bootmgr spent 0 ms waiting for user input.
1002,6/23/2025 6:19:31 PM,Microsoft-Windows-Kernel-Boot,4,18,There are 0x1 boot options on this system.
1001,6/23/2025 6:19:31 PM,Microsoft-Windows-Kernel-Boot,4,27,The boot type was 0x0.
1000,6/23/2025 6:19:31 PM,Microsoft-Windows-Kernel-Boot,4,25,The boot menu policy was 0x1.
999,6/23/2025 6:19:31 PM,Microsoft-Windows-Kernel-Boot,4,20,The last shutdown's success status was true. The last boot's success status was false.
998,6/23/2025 6:19:31 PM,Microsoft-Windows-Kernel-Boot,4,153,Virtualization-based security (policies: 0) is disabled.
997,6/23/2025 6:19:59 PM,EventLog,4,6013,The system uptime is 27 seconds.
996,6/23/2025 6:19:59 PM,EventLog,4,6005,The Event log service was started.
995,6/23/2025 6:19:59 PM,EventLog,4,6009,Microsoft (R) Windows (R) 10.00. 18362  Multiprocessor Free.
993,6/23/2025 6:19:31 PM,Microsoft-Windows-Kernel-General,4,12,The operating system started at system time ‎2025‎-‎06‎-‎24T01:19:31.500000000Z.
992,6/23/2025 6:15:04 PM,Microsoft-Windows-Winlogon,4,7001,User Logon Notification for Customer Experience Improvement Program
991,6/23/2025 6:15:04 PM,TPM,4,18,This event triggers the Trusted Platform Module (TPM) provisioning/status check to run.
990,6/23/2025 6:15:03 PM,Microsoft-Windows-FilterManager,4,6,"File System Filter 'storqosflt' (10.0, ‎2084‎-‎07‎-‎23T22:29:44.000000000Z) has successfully loaded and registered with Filter Manager."
989,6/23/2025 6:15:03 PM,Microsoft-Windows-FilterManager,4,6,"File System Filter 'CldFlt' (10.0, ‎1976‎-‎11‎-‎19T00:44:15.000000000Z) has successfully loaded and registered with Filter Manager."
988,6/23/2025 6:15:03 PM,Microsoft-Windows-FilterManager,4,1,"File System Filter 'CldFlt' (Version 10.0, ‎1976‎-‎11‎-‎19T00:44:15.000000000Z) unloaded successfully."
798,6/23/2025 1:48:55 PM,Microsoft-Windows-Winlogon,4,7001,User Logon Notification for Customer Experience Improvement Program
986,6/23/2025 6:15:03 PM,Microsoft-Windows-FilterManager,4,6,"File System Filter 'luafv' (10.0, ‎1974‎-‎08‎-‎09T06:33:30.000000000Z) has successfully loaded and registered with Filter Manager."
985,6/23/2025 6:15:03 PM,Microsoft-Windows-FilterManager,4,6,"File System Filter 'wcifs' (10.0, ‎2021‎-‎10‎-‎19T06:10:02.000000000Z) has successfully loaded and registered with Filter Manager."
984,6/23/2025 6:15:03 PM,Microsoft-Windows-DHCPv6-Client,4,51046,DHCPv6 client service is started
1004,6/23/2025 6:19:31 PM,Microsoft-Windows-Kernel-Boot,4,30,The firmware reported boot metrics.
1005,6/23/2025 6:19:31 PM,Microsoft-Windows-Kernel-General,4,20,The leap second configuration has been updated. Reason: Leap second data initialized from registry during boot Leap seconds enabled: true New leap second count: 0 Old leap second count: 0
1006,6/23/2025 6:19:38 PM,Microsoft-Windows-FilterManager,4,6,"File System Filter 'FileInfo' (10.0, ‎1989‎-‎07‎-‎12T18:15:12.000000000Z) has successfully loaded and registered with Filter Manager."
1007,6/23/2025 6:19:38 PM,Microsoft-Windows-FilterManager,4,6,"File System Filter 'Wof' (10.0, ‎2002‎-‎04‎-‎12T14:36:07.000000000Z) has successfully loaded and registered with Filter Manager."
1028,6/23/2025 6:19:41 PM,Microsoft-Windows-Kernel-Processor-Power,4,55,Processor 15 in group 0 exposes the following power management capabilities: Idle state type: ACPI Idle (LPI) States (3 state(s)) Performance state type: ACPI Collaborative Processor Performance Control Nominal Frequency (MHz): 3294 Maximum performance percentage: 161 Minimum performance percentage: 33 Minimum throttle percentage: 12
1027,6/23/2025 6:19:41 PM,Microsoft-Windows-Kernel-Processor-Power,4,55,Processor 14 in group 0 exposes the following power management capabilities: Idle state type: ACPI Idle (LPI) States (3 state(s)) Performance state type: ACPI Collaborative Processor Performance Control Nominal Frequency (MHz): 3294 Maximum performance percentage: 161 Minimum performance percentage: 33 Minimum throttle percentage: 12
1026,6/23/2025 6:19:41 PM,Microsoft-Windows-Kernel-Processor-Power,4,55,Processor 13 in group 0 exposes the following power management capabilities: Idle state type: ACPI Idle (LPI) States (3 state(s)) Performance state type: ACPI Collaborative Processor Performance Control Nominal Frequency (MHz): 3294 Maximum performance percentage: 175 Minimum performance percentage: 33 Minimum throttle percentage: 12
1025,6/23/2025 6:19:41 PM,Microsoft-Windows-Kernel-Processor-Power,4,55,Processor 12 in group 0 exposes the following power management capabilities: Idle state type: ACPI Idle (LPI) States (3 state(s)) Performance state type: ACPI Collaborative Processor Performance Control Nominal Frequency (MHz): 3294 Maximum performance percentage: 175 Minimum performance percentage: 33 Minimum throttle percentage: 12
1024,6/23/2025 6:19:40 PM,Microsoft-Windows-Kernel-Processor-Power,4,55,Processor 11 in group 0 exposes the following power management capabilities: Idle state type: ACPI Idle (LPI) States (3 state(s)) Performance state type: ACPI Collaborative Processor Performance Control Nominal Frequency (MHz): 3294 Maximum performance percentage: 157 Minimum performance percentage: 33 Minimum throttle percentage: 12
1023,6/23/2025 6:19:40 PM,Microsoft-Windows-Kernel-Processor-Power,4,55,Processor 10 in group 0 exposes the following power management capabilities: Idle state type: ACPI Idle (LPI) States (3 state(s)) Performance state type: ACPI Collaborative Processor Performance Control Nominal Frequency (MHz): 3294 Maximum performance percentage: 157 Minimum performance percentage: 33 Minimum throttle percentage: 12
1022,6/23/2025 6:19:40 PM,Microsoft-Windows-Kernel-Processor-Power,4,55,Processor 9 in group 0 exposes the following power management capabilities: Idle state type: ACPI Idle (LPI) States (3 state(s)) Performance state type: ACPI Collaborative Processor Performance Control Nominal Frequency (MHz): 3294 Maximum performance percentage: 175 Minimum performance percentage: 33 Minimum throttle percentage: 12
1021,6/23/2025 6:19:40 PM,Microsoft-Windows-Kernel-Processor-Power,4,55,Processor 8 in group 0 exposes the following power management capabilities: Idle state type: ACPI Idle (LPI) States (3 state(s)) Performance state type: ACPI Collaborative Processor Performance Control Nominal Frequency (MHz): 3294 Maximum performance percentage: 175 Minimum performance percentage: 33 Minimum throttle percentage: 12
1020,6/23/2025 6:19:40 PM,Microsoft-Windows-Kernel-Processor-Power,4,55,Processor 7 in group 0 exposes the following power management capabilities: Idle state type: ACPI Idle (LPI) States (3 state(s)) Performance state type: ACPI Collaborative Processor Performance Control Nominal Frequency (MHz): 3294 Maximum performance percentage: 148 Minimum performance percentage: 33 Minimum throttle percentage: 12
1030,6/23/2025 6:19:41 PM,Microsoft-Windows-Kernel-Power,4,521,Active battery count change.
1019,6/23/2025 6:19:40 PM,Microsoft-Windows-Kernel-Processor-Power,4,55,Processor 6 in group 0 exposes the following power management capabilities: Idle state type: ACPI Idle (LPI) States (3 state(s)) Performance state type: ACPI Collaborative Processor Performance Control Nominal Frequency (MHz): 3294 Maximum performance percentage: 148 Minimum performance percentage: 33 Minimum throttle percentage: 12
1017,6/23/2025 6:19:40 PM,Microsoft-Windows-Kernel-Processor-Power,4,55,Processor 4 in group 0 exposes the following power management capabilities: Idle state type: ACPI Idle (LPI) States (3 state(s)) Performance state type: ACPI Collaborative Processor Performance Control Nominal Frequency (MHz): 3294 Maximum performance percentage: 170 Minimum performance percentage: 33 Minimum throttle percentage: 12
1016,6/23/2025 6:19:40 PM,Microsoft-Windows-Kernel-Processor-Power,4,55,Processor 3 in group 0 exposes the following power management capabilities: Idle state type: ACPI Idle (LPI) States (3 state(s)) Performance state type: ACPI Collaborative Processor Performance Control Nominal Frequency (MHz): 3294 Maximum performance percentage: 152 Minimum performance percentage: 33 Minimum throttle percentage: 12
1015,6/23/2025 6:19:40 PM,Microsoft-Windows-Kernel-Processor-Power,4,55,Processor 2 in group 0 exposes the following power management capabilities: Idle state type: ACPI Idle (LPI) States (3 state(s)) Performance state type: ACPI Collaborative Processor Performance Control Nominal Frequency (MHz): 3294 Maximum performance percentage: 152 Minimum performance percentage: 33 Minimum throttle percentage: 12
1014,6/23/2025 6:19:40 PM,Microsoft-Windows-Kernel-Processor-Power,4,55,Processor 1 in group 0 exposes the following power management capabilities: Idle state type: ACPI Idle (LPI) States (3 state(s)) Performance state type: ACPI Collaborative Processor Performance Control Nominal Frequency (MHz): 3294 Maximum performance percentage: 166 Minimum performance percentage: 33 Minimum throttle percentage: 12
1013,6/23/2025 6:19:40 PM,Microsoft-Windows-Kernel-Processor-Power,4,55,Processor 0 in group 0 exposes the following power management capabilities: Idle state type: ACPI Idle (LPI) States (3 state(s)) Performance state type: ACPI Collaborative Processor Performance Control Nominal Frequency (MHz): 3294 Maximum performance percentage: 166 Minimum performance percentage: 33 Minimum throttle percentage: 12
1011,6/23/2025 6:19:39 PM,Microsoft-Windows-FilterManager,4,6,"File System Filter 'npsvctrig' (10.0, ‎1977‎-‎09‎-‎12T08:19:34.000000000Z) has successfully loaded and registered with Filter Manager."
1010,6/23/2025 6:19:39 PM,Microsoft-Windows-FilterManager,4,6,"File System Filter 'FileCrypt' (10.0, ‎2011‎-‎10‎-‎30T08:56:49.000000000Z) has successfully loaded and registered with Filter Manager."
1009,6/23/2025 6:19:39 PM,Microsoft-Windows-Ntfs,4,98,Volume C: (\Device\HarddiskVolume4) is healthy.  No action is needed.
1008,6/23/2025 6:19:38 PM,Microsoft-Windows-FilterManager,4,6,"File System Filter 'WdFilter' (10.0, ‎2073‎-‎10‎-‎13T02:22:50.000000000Z) has successfully loaded and registered with Filter Manager."
1018,6/23/2025 6:19:40 PM,Microsoft-Windows-Kernel-Processor-Power,4,55,Processor 5 in group 0 exposes the following power management capabilities: Idle state type: ACPI Idle (LPI) States (3 state(s)) Performance state type: ACPI Collaborative Processor Performance Control Nominal Frequency (MHz): 3294 Maximum performance percentage: 170 Minimum performance percentage: 33 Minimum throttle percentage: 12
1079,6/23/2025 6:22:57 PM,Microsoft-Windows-Kernel-Processor-Power,4,55,Processor 7 in group 0 exposes the following power management capabilities: Idle state type: ACPI Idle (LPI) States (3 state(s)) Performance state type: ACPI Collaborative Processor Performance Control Nominal Frequency (MHz): 3294 Maximum performance percentage: 148 Minimum performance percentage: 33 Minimum throttle percentage: 12
1080,6/23/2025 6:22:57 PM,Microsoft-Windows-Kernel-Processor-Power,4,55,Processor 8 in group 0 exposes the following power management capabilities: Idle state type: ACPI Idle (LPI) States (3 state(s)) Performance state type: ACPI Collaborative Processor Performance Control Nominal Frequency (MHz): 3294 Maximum performance percentage: 175 Minimum performance percentage: 33 Minimum throttle percentage: 12
1081,6/23/2025 6:22:57 PM,Microsoft-Windows-Kernel-Processor-Power,4,55,Processor 9 in group 0 exposes the following power management capabilities: Idle state type: ACPI Idle (LPI) States (3 state(s)) Performance state type: ACPI Collaborative Processor Performance Control Nominal Frequency (MHz): 3294 Maximum performance percentage: 175 Minimum performance percentage: 33 Minimum throttle percentage: 12
1148,6/23/2025 6:25:00 PM,Microsoft-Windows-Kernel-Processor-Power,4,55,Processor 11 in group 0 exposes the following power management capabilities: Idle state type: ACPI Idle (LPI) States (3 state(s)) Performance state type: ACPI Collaborative Processor Performance Control Nominal Frequency (MHz): 3294 Maximum performance percentage: 157 Minimum performance percentage: 33 Minimum throttle percentage: 12
1147,6/23/2025 6:25:00 PM,Microsoft-Windows-Kernel-Processor-Power,4,55,Processor 10 in group 0 exposes the following power management capabilities: Idle state type: ACPI Idle (LPI) States (3 state(s)) Performance state type: ACPI Collaborative Processor Performance Control Nominal Frequency (MHz): 3294 Maximum performance percentage: 157 Minimum performance percentage: 33 Minimum throttle percentage: 12
1146,6/23/2025 6:25:00 PM,Microsoft-Windows-Kernel-Processor-Power,4,55,Processor 9 in group 0 exposes the following power management capabilities: Idle state type: ACPI Idle (LPI) States (3 state(s)) Performance state type: ACPI Collaborative Processor Performance Control Nominal Frequency (MHz): 3294 Maximum performance percentage: 175 Minimum performance percentage: 33 Minimum throttle percentage: 12
1145,6/23/2025 6:25:00 PM,Microsoft-Windows-Kernel-Processor-Power,4,55,Processor 8 in group 0 exposes the following power management capabilities: Idle state type: ACPI Idle (LPI) States (3 state(s)) Performance state type: ACPI Collaborative Processor Performance Control Nominal Frequency (MHz): 3294 Maximum performance percentage: 175 Minimum performance percentage: 33 Minimum throttle percentage: 12
1144,6/23/2025 6:25:00 PM,Microsoft-Windows-Kernel-Processor-Power,4,55,Processor 7 in group 0 exposes the following power management capabilities: Idle state type: ACPI Idle (LPI) States (3 state(s)) Performance state type: ACPI Collaborative Processor Performance Control Nominal Frequency (MHz): 3294 Maximum performance percentage: 148 Minimum performance percentage: 33 Minimum throttle percentage: 12
1143,6/23/2025 6:25:00 PM,Microsoft-Windows-Kernel-Processor-Power,4,55,Processor 6 in group 0 exposes the following power management capabilities: Idle state type: ACPI Idle (LPI) States (3 state(s)) Performance state type: ACPI Collaborative Processor Performance Control Nominal Frequency (MHz): 3294 Maximum performance percentage: 148 Minimum performance percentage: 33 Minimum throttle percentage: 12
1142,6/23/2025 6:25:00 PM,Microsoft-Windows-Kernel-Processor-Power,4,55,Processor 5 in group 0 exposes the following power management capabilities: Idle state type: ACPI Idle (LPI) States (3 state(s)) Performance state type: ACPI Collaborative Processor Performance Control Nominal Frequency (MHz): 3294 Maximum performance percentage: 170 Minimum performance percentage: 33 Minimum throttle percentage: 12
1141,6/23/2025 6:25:00 PM,Microsoft-Windows-Kernel-Processor-Power,4,55,Processor 4 in group 0 exposes the following power management capabilities: Idle state type: ACPI Idle (LPI) States (3 state(s)) Performance state type: ACPI Collaborative Processor Performance Control Nominal Frequency (MHz): 3294 Maximum performance percentage: 170 Minimum performance percentage: 33 Minimum throttle percentage: 12
1140,6/23/2025 6:25:00 PM,Microsoft-Windows-Kernel-Processor-Power,4,55,Processor 3 in group 0 exposes the following power management capabilities: Idle state type: ACPI Idle (LPI) States (3 state(s)) Performance state type: ACPI Collaborative Processor Performance Control Nominal Frequency (MHz): 3294 Maximum performance percentage: 152 Minimum performance percentage: 33 Minimum throttle percentage: 12
1139,6/23/2025 6:25:00 PM,Microsoft-Windows-Kernel-Processor-Power,4,55,Processor 2 in group 0 exposes the following power management capabilities: Idle state type: ACPI Idle (LPI) States (3 state(s)) Performance state type: ACPI Collaborative Processor Performance Control Nominal Frequency (MHz): 3294 Maximum performance percentage: 152 Minimum performance percentage: 33 Minimum throttle percentage: 12
1138,6/23/2025 6:25:00 PM,Microsoft-Windows-Kernel-Processor-Power,4,55,Processor 1 in group 0 exposes the following power management capabilities: Idle state type: ACPI Idle (LPI) States (3 state(s)) Performance state type: ACPI Collaborative Processor Performance Control Nominal Frequency (MHz): 3294 Maximum performance percentage: 166 Minimum performance percentage: 33 Minimum throttle percentage: 12
1137,6/23/2025 6:25:00 PM,Microsoft-Windows-Kernel-Processor-Power,4,55,Processor 0 in group 0 exposes the following power management capabilities: Idle state type: ACPI Idle (LPI) States (3 state(s)) Performance state type: ACPI Collaborative Processor Performance Control Nominal Frequency (MHz): 3294 Maximum performance percentage: 166 Minimum performance percentage: 33 Minimum throttle percentage: 12
1136,6/23/2025 6:24:59 PM,Microsoft-Windows-FilterManager,4,6,"File System Filter 'npsvctrig' (10.0, ‎1977‎-‎09‎-‎12T08:19:34.000000000Z) has successfully loaded and registered with Filter Manager."
1135,6/23/2025 6:24:59 PM,Microsoft-Windows-FilterManager,4,6,"File System Filter 'FileCrypt' (10.0, ‎2011‎-‎10‎-‎30T08:56:49.000000000Z) has successfully loaded and registered with Filter Manager."
1134,6/23/2025 6:24:59 PM,Microsoft-Windows-Ntfs,4,98,Volume C: (\Device\HarddiskVolume4) is healthy.  No action is needed.
1133,6/23/2025 6:24:58 PM,Microsoft-Windows-FilterManager,4,6,"File System Filter 'WdFilter' (10.0, ‎2073‎-‎10‎-‎13T02:22:50.000000000Z) has successfully loaded and registered with Filter Manager."
1132,6/23/2025 6:24:58 PM,Microsoft-Windows-FilterManager,4,6,"File System Filter 'Wof' (10.0, ‎2002‎-‎04‎-‎12T14:36:07.000000000Z) has successfully loaded and registered with Filter Manager."
1131,6/23/2025 6:24:58 PM,Microsoft-Windows-FilterManager,4,6,"File System Filter 'FileInfo' (10.0, ‎1989‎-‎07‎-‎12T18:15:12.000000000Z) has successfully loaded and registered with Filter Manager."
1130,6/23/2025 6:24:51 PM,Microsoft-Windows-Kernel-General,4,20,The leap second configuration has been updated. Reason: Leap second data initialized from registry during boot Leap seconds enabled: true New leap second count: 0 Old leap second count: 0
1149,6/23/2025 6:25:00 PM,Microsoft-Windows-Kernel-Processor-Power,4,55,Processor 12 in group 0 exposes the following power management capabilities: Idle state type: ACPI Idle (LPI) States (3 state(s)) Performance state type: ACPI Collaborative Processor Performance Control Nominal Frequency (MHz): 3294 Maximum performance percentage: 175 Minimum performance percentage: 33 Minimum throttle percentage: 12
1151,6/23/2025 6:25:01 PM,Microsoft-Windows-Kernel-Processor-Power,4,55,Processor 13 in group 0 exposes the following power management capabilities: Idle state type: ACPI Idle (LPI) States (3 state(s)) Performance state type: ACPI Collaborative Processor Performance Control Nominal Frequency (MHz): 3294 Maximum performance percentage: 175 Minimum performance percentage: 33 Minimum throttle percentage: 12
1152,6/23/2025 6:25:01 PM,Microsoft-Windows-Kernel-Processor-Power,4,55,Processor 14 in group 0 exposes the following power management capabilities: Idle state type: ACPI Idle (LPI) States (3 state(s)) Performance state type: ACPI Collaborative Processor Performance Control Nominal Frequency (MHz): 3294 Maximum performance percentage: 161 Minimum performance percentage: 33 Minimum throttle percentage: 12
1153,6/23/2025 6:25:01 PM,Microsoft-Windows-Kernel-Processor-Power,4,55,Processor 15 in group 0 exposes the following power management capabilities: Idle state type: ACPI Idle (LPI) States (3 state(s)) Performance state type: ACPI Collaborative Processor Performance Control Nominal Frequency (MHz): 3294 Maximum performance percentage: 161 Minimum performance percentage: 33 Minimum throttle percentage: 12
1173,6/23/2025 6:25:19 PM,Microsoft-Windows-Winlogon,4,7001,User Logon Notification for Customer Experience Improvement Program
1172,6/23/2025 6:25:18 PM,Microsoft-Windows-FilterManager,4,6,"File System Filter 'storqosflt' (10.0, ‎2084‎-‎07‎-‎23T22:29:44.000000000Z) has successfully loaded and registered with Filter Manager."
1171,6/23/2025 6:25:18 PM,Microsoft-Windows-FilterManager,4,6,"File System Filter 'CldFlt' (10.0, ‎1976‎-‎11‎-‎19T00:44:15.000000000Z) has successfully loaded and registered with Filter Manager."
1170,6/23/2025 6:25:18 PM,Microsoft-Windows-FilterManager,4,1,"File System Filter 'CldFlt' (Version 10.0, ‎1976‎-‎11‎-‎19T00:44:15.000000000Z) unloaded successfully."
1169,6/23/2025 6:25:18 PM,Microsoft-Windows-FilterManager,4,6,"File System Filter 'CldFlt' (10.0, ‎1976‎-‎11‎-‎19T00:44:15.000000000Z) has successfully loaded and registered with Filter Manager."
1168,6/23/2025 6:25:18 PM,Microsoft-Windows-FilterManager,4,6,"File System Filter 'luafv' (10.0, ‎1974‎-‎08‎-‎09T06:33:30.000000000Z) has successfully loaded and registered with Filter Manager."
1167,6/23/2025 6:25:18 PM,Microsoft-Windows-FilterManager,4,6,"File System Filter 'wcifs' (10.0, ‎2021‎-‎10‎-‎19T06:10:02.000000000Z) has successfully loaded and registered with Filter Manager."
1166,6/23/2025 6:25:18 PM,Microsoft-Windows-DHCPv6-Client,4,51046,DHCPv6 client service is started
1165,6/23/2025 6:25:18 PM,Microsoft-Windows-Dhcp-Client,4,50103,DHCPv4 client registered for shutdown notification
1129,6/23/2025 6:24:51 PM,Microsoft-Windows-Kernel-Boot,4,30,The firmware reported boot metrics.
1164,6/23/2025 6:25:18 PM,Microsoft-Windows-Dhcp-Client,4,50036,DHCPv4 client service is started
1162,6/23/2025 6:25:14 PM,Win32k,4,267,Touch/Touchpad Hardware Quality Assurance verification succeeded.
1161,6/23/2025 6:25:14 PM,Microsoft-Windows-Directory-Services-SAM,4,16962,Remote calls to the SAM database are being restricted using the default security descriptor: O:SYG:SYD:(A;;RC;;;BA). For more information please see http://go.microsoft.com/fwlink/?LinkId=787651.
1160,6/23/2025 6:25:14 PM,Microsoft-Windows-Wininit,4,14,"Credential Guard configuration: 0x0, 0"
1159,6/23/2025 6:25:12 PM,Microsoft-Windows-Ntfs,4,98,Volume \\?\Volume{1ba45877-b4cf-4e17-9412-317be10b8e00} (\Device\HarddiskVolume1) is healthy.  No action is needed.
1158,6/23/2025 6:25:11 PM,Microsoft-Windows-Ntfs,4,98,Volume H: (\Device\HarddiskVolume8) is healthy.  No action is needed.
1157,6/23/2025 6:25:10 PM,Microsoft-Windows-Ntfs,4,98,Volume I: (\Device\HarddiskVolume11) is healthy.  No action is needed.
1156,6/23/2025 6:25:06 PM,Microsoft-Windows-Ntfs,4,98,Volume G: (\Device\HarddiskVolume7) is healthy.  No action is needed.
1155,6/23/2025 6:25:01 PM,Microsoft-Windows-Kernel-Power,4,521,Active battery count change.
1154,6/23/2025 6:25:01 PM,Microsoft-Windows-Kernel-Power,4,521,Active battery count change.
1163,6/23/2025 6:25:14 PM,Win32k,4,267,Touch/Touchpad Hardware Quality Assurance verification succeeded.
1128,6/23/2025 6:24:51 PM,Microsoft-Windows-Kernel-Boot,4,32,The bootmgr spent 0 ms waiting for user input.
1127,6/23/2025 6:24:51 PM,Microsoft-Windows-Kernel-Boot,4,18,There are 0x1 boot options on this system.
1126,6/23/2025 6:24:51 PM,Microsoft-Windows-Kernel-Boot,4,27,The boot type was 0x0.
1101,6/23/2025 6:23:16 PM,Microsoft-Windows-FilterManager,4,6,"File System Filter 'wcifs' (10.0, ‎2021‎-‎10‎-‎19T06:10:02.000000000Z) has successfully loaded and registered with Filter Manager."
1100,6/23/2025 6:23:16 PM,Microsoft-Windows-DHCPv6-Client,4,51046,DHCPv6 client service is started
1099,6/23/2025 6:23:16 PM,Microsoft-Windows-Dhcp-Client,4,50103,DHCPv4 client registered for shutdown notification
1098,6/23/2025 6:23:16 PM,Microsoft-Windows-Dhcp-Client,4,50036,DHCPv4 client service is started
1097,6/23/2025 6:23:12 PM,Win32k,4,267,Touch/Touchpad Hardware Quality Assurance verification succeeded.
1096,6/23/2025 6:23:11 PM,Win32k,4,267,Touch/Touchpad Hardware Quality Assurance verification succeeded.
1095,6/23/2025 6:23:11 PM,Microsoft-Windows-Directory-Services-SAM,4,16962,Remote calls to the SAM database are being restricted using the default security descriptor: O:SYG:SYD:(A;;RC;;;BA). For more information please see http://go.microsoft.com/fwlink/?LinkId=787651.
1094,6/23/2025 6:23:11 PM,Microsoft-Windows-Wininit,4,14,"Credential Guard configuration: 0x0, 0"
1093,6/23/2025 6:23:09 PM,Microsoft-Windows-Ntfs,4,98,Volume \\?\Volume{1ba45877-b4cf-4e17-9412-317be10b8e00} (\Device\HarddiskVolume1) is healthy.  No action is needed.
1102,6/23/2025 6:23:16 PM,Microsoft-Windows-FilterManager,4,6,"File System Filter 'luafv' (10.0, ‎1974‎-‎08‎-‎09T06:33:30.000000000Z) has successfully loaded and registered with Filter Manager."
1092,6/23/2025 6:23:08 PM,Microsoft-Windows-Ntfs,4,98,Volume H: (\Device\HarddiskVolume8) is healthy.  No action is needed.
1090,6/23/2025 6:23:03 PM,Microsoft-Windows-Ntfs,4,98,Volume G: (\Device\HarddiskVolume7) is healthy.  No action is needed.
1089,6/23/2025 6:22:58 PM,Microsoft-Windows-Kernel-Power,4,521,Active battery count change.
1088,6/23/2025 6:22:58 PM,Microsoft-Windows-Kernel-Power,4,521,Active battery count change.
1087,6/23/2025 6:22:58 PM,Microsoft-Windows-Kernel-Processor-Power,4,55,Processor 15 in group 0 exposes the following power management capabilities: Idle state type: ACPI Idle (LPI) States (3 state(s)) Performance state type: ACPI Collaborative Processor Performance Control Nominal Frequency (MHz): 3294 Maximum performance percentage: 161 Minimum performance percentage: 33 Minimum throttle percentage: 12
1086,6/23/2025 6:22:57 PM,Microsoft-Windows-Kernel-Processor-Power,4,55,Processor 14 in group 0 exposes the following power management capabilities: Idle state type: ACPI Idle (LPI) States (3 state(s)) Performance state type: ACPI Collaborative Processor Performance Control Nominal Frequency (MHz): 3294 Maximum performance percentage: 161 Minimum performance percentage: 33 Minimum throttle percentage: 12
1085,6/23/2025 6:22:57 PM,Microsoft-Windows-Kernel-Processor-Power,4,55,Processor 13 in group 0 exposes the following power management capabilities: Idle state type: ACPI Idle (LPI) States (3 state(s)) Performance state type: ACPI Collaborative Processor Performance Control Nominal Frequency (MHz): 3294 Maximum performance percentage: 175 Minimum performance percentage: 33 Minimum throttle percentage: 12
1084,6/23/2025 6:22:57 PM,Microsoft-Windows-Kernel-Processor-Power,4,55,Processor 12 in group 0 exposes the following power management capabilities: Idle state type: ACPI Idle (LPI) States (3 state(s)) Performance state type: ACPI Collaborative Processor Performance Control Nominal Frequency (MHz): 3294 Maximum performance percentage: 175 Minimum performance percentage: 33 Minimum throttle percentage: 12
1083,6/23/2025 6:22:57 PM,Microsoft-Windows-Kernel-Processor-Power,4,55,Processor 11 in group 0 exposes the following power management capabilities: Idle state type: ACPI Idle (LPI) States (3 state(s)) Performance state type: ACPI Collaborative Processor Performance Control Nominal Frequency (MHz): 3294 Maximum performance percentage: 157 Minimum performance percentage: 33 Minimum throttle percentage: 12
1082,6/23/2025 6:22:57 PM,Microsoft-Windows-Kernel-Processor-Power,4,55,Processor 10 in group 0 exposes the following power management capabilities: Idle state type: ACPI Idle (LPI) States (3 state(s)) Performance state type: ACPI Collaborative Processor Performance Control Nominal Frequency (MHz): 3294 Maximum performance percentage: 157 Minimum performance percentage: 33 Minimum throttle percentage: 12
1091,6/23/2025 6:23:07 PM,Microsoft-Windows-Ntfs,4,98,Volume I: (\Device\HarddiskVolume11) is healthy.  No action is needed.
983,6/23/2025 6:15:03 PM,Microsoft-Windows-Dhcp-Client,4,50103,DHCPv4 client registered for shutdown notification
1103,6/23/2025 6:23:16 PM,Microsoft-Windows-FilterManager,4,6,"File System Filter 'CldFlt' (10.0, ‎1976‎-‎11‎-‎19T00:44:15.000000000Z) has successfully loaded and registered with Filter Manager."
1105,6/23/2025 6:23:16 PM,Microsoft-Windows-FilterManager,4,6,"File System Filter 'CldFlt' (10.0, ‎1976‎-‎11‎-‎19T00:44:15.000000000Z) has successfully loaded and registered with Filter Manager."
1125,6/23/2025 6:24:51 PM,Microsoft-Windows-Kernel-Boot,4,25,The boot menu policy was 0x1.
1124,6/23/2025 6:24:51 PM,Microsoft-Windows-Kernel-Boot,4,20,The last shutdown's success status was true. The last boot's success status was true.
1123,6/23/2025 6:24:51 PM,Microsoft-Windows-Kernel-Boot,4,153,Virtualization-based security (policies: 0) is disabled.
1122,6/23/2025 6:24:51 PM,Microsoft-Windows-Kernel-General,4,12,The operating system started at system time ‎2025‎-‎06‎-‎24T01:24:51.500000000Z.
1121,6/23/2025 6:24:26 PM,Microsoft-Windows-Kernel-General,4,13,The operating system is shutting down at system time ‎2025‎-‎06‎-‎24T01:24:26.740922500Z.
1120,6/23/2025 6:24:24 PM,Microsoft-Windows-Kernel-Power,4,109,The kernel power manager has initiated a shutdown transition. Shutdown Reason: Kernel API
1119,6/23/2025 6:25:18 PM,EventLog,4,6013,The system uptime is 27 seconds.
1118,6/23/2025 6:25:18 PM,EventLog,4,6005,The Event log service was started.
1117,6/23/2025 6:25:18 PM,EventLog,4,6009,Microsoft (R) Windows (R) 10.00. 18362  Multiprocessor Free.
1104,6/23/2025 6:23:16 PM,Microsoft-Windows-FilterManager,4,1,"File System Filter 'CldFlt' (Version 10.0, ‎1976‎-‎11‎-‎19T00:44:15.000000000Z) unloaded successfully."
1116,6/23/2025 6:24:19 PM,Microsoft-Windows-Dhcp-Client,4,50037,DHCPv4 client service is stopped. ShutDown Flag value is 1
1114,6/23/2025 6:24:19 PM,Microsoft-Windows-DHCPv6-Client,4,51047,DHCPv6 client service is stopped. ShutDown Flag value is 1
1113,6/23/2025 6:24:19 PM,Microsoft-Windows-Dhcp-Client,4,50105,DHCPv4 client ProcessDHCPRequestForever received TERMINATE_EVENT
1112,6/23/2025 6:24:19 PM,Microsoft-Windows-Dhcp-Client,4,50104,DHCPv4 client received shutdown notification
1111,6/23/2025 6:24:19 PM,Microsoft-Windows-Winlogon,4,7002,User Logoff Notification for Customer Experience Improvement Program
1110,6/23/2025 6:24:19 PM,User32,4,1074,The process C:\Windows\System32\RuntimeBroker.exe (DESKTOP-CJNBGDQ) has initiated the restart of computer DESKTOP-CJNBGDQ on behalf of user DESKTOP-CJNBGDQ\Administrator for the following reason: Other (Unplanned)  Reason Code: 0x0  Shutdown Type: restart  Comment: 
1109,6/23/2025 6:24:19 PM,EventLog,4,6006,The Event log service was stopped.
1108,6/23/2025 6:23:18 PM,TPM,4,18,This event triggers the Trusted Platform Module (TPM) provisioning/status check to run.
1107,6/23/2025 6:23:17 PM,Microsoft-Windows-Winlogon,4,7001,User Logon Notification for Customer Experience Improvement Program
1106,6/23/2025 6:23:16 PM,Microsoft-Windows-FilterManager,4,6,"File System Filter 'storqosflt' (10.0, ‎2084‎-‎07‎-‎23T22:29:44.000000000Z) has successfully loaded and registered with Filter Manager."
1115,6/23/2025 6:24:19 PM,Microsoft-Windows-Dhcp-Client,4,50106,DHCPv4 is waiting on DHCPv6 service to stop
982,6/23/2025 6:15:03 PM,Microsoft-Windows-Dhcp-Client,4,50036,DHCPv4 client service is started
987,6/23/2025 6:15:03 PM,Microsoft-Windows-FilterManager,4,6,"File System Filter 'CldFlt' (10.0, ‎1976‎-‎11‎-‎19T00:44:15.000000000Z) has successfully loaded and registered with Filter Manager."
980,6/23/2025 6:14:59 PM,Win32k,4,267,Touch/Touchpad Hardware Quality Assurance verification succeeded.
870,6/23/2025 6:11:02 PM,Microsoft-Windows-Ntfs,4,98,Volume C: (\Device\HarddiskVolume4) is healthy.  No action is needed.
869,6/23/2025 6:11:01 PM,Microsoft-Windows-FilterManager,4,6,"File System Filter 'WdFilter' (10.0, ‎2073‎-‎10‎-‎13T02:22:50.000000000Z) has successfully loaded and registered with Filter Manager."
868,6/23/2025 6:11:01 PM,Microsoft-Windows-FilterManager,4,6,"File System Filter 'Wof' (10.0, ‎2002‎-‎04‎-‎12T14:36:07.000000000Z) has successfully loaded and registered with Filter Manager."
867,6/23/2025 6:11:01 PM,Microsoft-Windows-FilterManager,4,6,"File System Filter 'FileInfo' (10.0, ‎1989‎-‎07‎-‎12T18:15:12.000000000Z) has successfully loaded and registered with Filter Manager."
866,6/23/2025 6:10:54 PM,Microsoft-Windows-Kernel-General,4,20,The leap second configuration has been updated. Reason: Leap second data initialized from registry during boot Leap seconds enabled: true New leap second count: 0 Old leap second count: 0
865,6/23/2025 6:10:54 PM,Microsoft-Windows-Kernel-Boot,4,30,The firmware reported boot metrics.
864,6/23/2025 6:10:54 PM,Microsoft-Windows-Kernel-Boot,4,32,The bootmgr spent 0 ms waiting for user input.
863,6/23/2025 6:10:54 PM,Microsoft-Windows-Kernel-Boot,4,18,There are 0x1 boot options on this system.
862,6/23/2025 6:10:54 PM,Microsoft-Windows-Kernel-Boot,4,27,The boot type was 0x0.
871,6/23/2025 6:11:02 PM,Microsoft-Windows-FilterManager,4,6,"File System Filter 'FileCrypt' (10.0, ‎2011‎-‎10‎-‎30T08:56:49.000000000Z) has successfully loaded and registered with Filter Manager."
861,6/23/2025 6:10:54 PM,Microsoft-Windows-Kernel-Boot,4,25,The boot menu policy was 0x1.
859,6/23/2025 6:10:54 PM,Microsoft-Windows-Kernel-Boot,4,153,Virtualization-based security (policies: 0) is disabled.
858,6/23/2025 6:11:25 PM,EventLog,4,6013,The system uptime is 31 seconds.
857,6/23/2025 6:11:25 PM,EventLog,4,6005,The Event log service was started.
856,6/23/2025 6:11:25 PM,EventLog,4,6009,Microsoft (R) Windows (R) 10.00. 18362  Multiprocessor Free.
854,6/23/2025 6:10:54 PM,Microsoft-Windows-Kernel-General,4,12,The operating system started at system time ‎2025‎-‎06‎-‎24T01:10:54.500000000Z.
853,6/23/2025 1:58:40 PM,Microsoft-Windows-Winlogon,4,7001,User Logon Notification for Customer Experience Improvement Program
852,6/23/2025 1:58:40 PM,TPM,4,18,This event triggers the Trusted Platform Module (TPM) provisioning/status check to run.
851,6/23/2025 1:58:39 PM,Microsoft-Windows-FilterManager,4,6,"File System Filter 'storqosflt' (10.0, ‎2084‎-‎07‎-‎23T22:29:44.000000000Z) has successfully loaded and registered with Filter Manager."
850,6/23/2025 1:58:39 PM,Microsoft-Windows-FilterManager,4,6,"File System Filter 'CldFlt' (10.0, ‎1976‎-‎11‎-‎19T00:44:15.000000000Z) has successfully loaded and registered with Filter Manager."
860,6/23/2025 6:10:54 PM,Microsoft-Windows-Kernel-Boot,4,20,The last shutdown's success status was false. The last boot's success status was true.
849,6/23/2025 1:58:39 PM,Microsoft-Windows-FilterManager,4,1,"File System Filter 'CldFlt' (Version 10.0, ‎1976‎-‎11‎-‎19T00:44:15.000000000Z) unloaded successfully."
872,6/23/2025 6:11:02 PM,Microsoft-Windows-FilterManager,4,6,"File System Filter 'npsvctrig' (10.0, ‎1977‎-‎09‎-‎12T08:19:34.000000000Z) has successfully loaded and registered with Filter Manager."
875,6/23/2025 6:11:03 PM,Microsoft-Windows-Kernel-Processor-Power,4,55,Processor 1 in group 0 exposes the following power management capabilities: Idle state type: ACPI Idle (LPI) States (3 state(s)) Performance state type: ACPI Collaborative Processor Performance Control Nominal Frequency (MHz): 3294 Maximum performance percentage: 166 Minimum performance percentage: 33 Minimum throttle percentage: 12
895,6/23/2025 6:11:18 PM,Microsoft-Windows-Ntfs,4,98,Volume \\?\Volume{1ba45877-b4cf-4e17-9412-317be10b8e00} (\Device\HarddiskVolume1) is healthy.  No action is needed.
894,6/23/2025 6:11:18 PM,Microsoft-Windows-Ntfs,4,98,Volume H: (\Device\HarddiskVolume8) is healthy.  No action is needed.
981,6/23/2025 6:14:59 PM,Win32k,4,267,Touch/Touchpad Hardware Quality Assurance verification succeeded.
892,6/23/2025 6:11:09 PM,Microsoft-Windows-Ntfs,4,98,Volume G: (\Device\HarddiskVolume7) is healthy.  No action is needed.
891,6/23/2025 6:11:03 PM,Microsoft-Windows-Kernel-Power,4,521,Active battery count change.
890,6/23/2025 6:11:03 PM,Microsoft-Windows-Kernel-Power,4,521,Active battery count change.
889,6/23/2025 6:11:03 PM,Microsoft-Windows-Kernel-Processor-Power,4,55,Processor 15 in group 0 exposes the following power management capabilities: Idle state type: ACPI Idle (LPI) States (3 state(s)) Performance state type: ACPI Collaborative Processor Performance Control Nominal Frequency (MHz): 3294 Maximum performance percentage: 161 Minimum performance percentage: 33 Minimum throttle percentage: 12
888,6/23/2025 6:11:03 PM,Microsoft-Windows-Kernel-Processor-Power,4,55,Processor 14 in group 0 exposes the following power management capabilities: Idle state type: ACPI Idle (LPI) States (3 state(s)) Performance state type: ACPI Collaborative Processor Performance Control Nominal Frequency (MHz): 3294 Maximum performance percentage: 161 Minimum performance percentage: 33 Minimum throttle percentage: 12
887,6/23/2025 6:11:03 PM,Microsoft-Windows-Kernel-Processor-Power,4,55,Processor 13 in group 0 exposes the following power management capabilities: Idle state type: ACPI Idle (LPI) States (3 state(s)) Performance state type: ACPI Collaborative Processor Performance Control Nominal Frequency (MHz): 3294 Maximum performance percentage: 175 Minimum performance percentage: 33 Minimum throttle percentage: 12
874,6/23/2025 6:11:03 PM,Microsoft-Windows-Kernel-Processor-Power,4,55,Processor 0 in group 0 exposes the following power management capabilities: Idle state type: ACPI Idle (LPI) States (3 state(s)) Performance state type: ACPI Collaborative Processor Performance Control Nominal Frequency (MHz): 3294 Maximum performance percentage: 166 Minimum performance percentage: 33 Minimum throttle percentage: 12
886,6/23/2025 6:11:03 PM,Microsoft-Windows-Kernel-Processor-Power,4,55,Processor 12 in group 0 exposes the following power management capabilities: Idle state type: ACPI Idle (LPI) States (3 state(s)) Performance state type: ACPI Collaborative Processor Performance Control Nominal Frequency (MHz): 3294 Maximum performance percentage: 175 Minimum performance percentage: 33 Minimum throttle percentage: 12
884,6/23/2025 6:11:03 PM,Microsoft-Windows-Kernel-Processor-Power,4,55,Processor 10 in group 0 exposes the following power management capabilities: Idle state type: ACPI Idle (LPI) States (3 state(s)) Performance state type: ACPI Collaborative Processor Performance Control Nominal Frequency (MHz): 3294 Maximum performance percentage: 157 Minimum performance percentage: 33 Minimum throttle percentage: 12
883,6/23/2025 6:11:03 PM,Microsoft-Windows-Kernel-Processor-Power,4,55,Processor 9 in group 0 exposes the following power management capabilities: Idle state type: ACPI Idle (LPI) States (3 state(s)) Performance state type: ACPI Collaborative Processor Performance Control Nominal Frequency (MHz): 3294 Maximum performance percentage: 175 Minimum performance percentage: 33 Minimum throttle percentage: 12
882,6/23/2025 6:11:03 PM,Microsoft-Windows-Kernel-Processor-Power,4,55,Processor 8 in group 0 exposes the following power management capabilities: Idle state type: ACPI Idle (LPI) States (3 state(s)) Performance state type: ACPI Collaborative Processor Performance Control Nominal Frequency (MHz): 3294 Maximum performance percentage: 175 Minimum performance percentage: 33 Minimum throttle percentage: 12
881,6/23/2025 6:11:03 PM,Microsoft-Windows-Kernel-Processor-Power,4,55,Processor 7 in group 0 exposes the following power management capabilities: Idle state type: ACPI Idle (LPI) States (3 state(s)) Performance state type: ACPI Collaborative Processor Performance Control Nominal Frequency (MHz): 3294 Maximum performance percentage: 148 Minimum performance percentage: 33 Minimum throttle percentage: 12
880,6/23/2025 6:11:03 PM,Microsoft-Windows-Kernel-Processor-Power,4,55,Processor 6 in group 0 exposes the following power management capabilities: Idle state type: ACPI Idle (LPI) States (3 state(s)) Performance state type: ACPI Collaborative Processor Performance Control Nominal Frequency (MHz): 3294 Maximum performance percentage: 148 Minimum performance percentage: 33 Minimum throttle percentage: 12
879,6/23/2025 6:11:03 PM,Microsoft-Windows-Kernel-Processor-Power,4,55,Processor 5 in group 0 exposes the following power management capabilities: Idle state type: ACPI Idle (LPI) States (3 state(s)) Performance state type: ACPI Collaborative Processor Performance Control Nominal Frequency (MHz): 3294 Maximum performance percentage: 170 Minimum performance percentage: 33 Minimum throttle percentage: 12
878,6/23/2025 6:11:03 PM,Microsoft-Windows-Kernel-Processor-Power,4,55,Processor 4 in group 0 exposes the following power management capabilities: Idle state type: ACPI Idle (LPI) States (3 state(s)) Performance state type: ACPI Collaborative Processor Performance Control Nominal Frequency (MHz): 3294 Maximum performance percentage: 170 Minimum performance percentage: 33 Minimum throttle percentage: 12
877,6/23/2025 6:11:03 PM,Microsoft-Windows-Kernel-Processor-Power,4,55,Processor 3 in group 0 exposes the following power management capabilities: Idle state type: ACPI Idle (LPI) States (3 state(s)) Performance state type: ACPI Collaborative Processor Performance Control Nominal Frequency (MHz): 3294 Maximum performance percentage: 152 Minimum performance percentage: 33 Minimum throttle percentage: 12
876,6/23/2025 6:11:03 PM,Microsoft-Windows-Kernel-Processor-Power,4,55,Processor 2 in group 0 exposes the following power management capabilities: Idle state type: ACPI Idle (LPI) States (3 state(s)) Performance state type: ACPI Collaborative Processor Performance Control Nominal Frequency (MHz): 3294 Maximum performance percentage: 152 Minimum performance percentage: 33 Minimum throttle percentage: 12
885,6/23/2025 6:11:03 PM,Microsoft-Windows-Kernel-Processor-Power,4,55,Processor 11 in group 0 exposes the following power management capabilities: Idle state type: ACPI Idle (LPI) States (3 state(s)) Performance state type: ACPI Collaborative Processor Performance Control Nominal Frequency (MHz): 3294 Maximum performance percentage: 157 Minimum performance percentage: 33 Minimum throttle percentage: 12
896,6/23/2025 6:11:21 PM,Microsoft-Windows-Wininit,4,14,"Credential Guard configuration: 0x0, 0"
848,6/23/2025 1:58:39 PM,Microsoft-Windows-FilterManager,4,6,"File System Filter 'CldFlt' (10.0, ‎1976‎-‎11‎-‎19T00:44:15.000000000Z) has successfully loaded and registered with Filter Manager."
846,6/23/2025 1:58:39 PM,Microsoft-Windows-FilterManager,4,6,"File System Filter 'wcifs' (10.0, ‎2021‎-‎10‎-‎19T06:10:02.000000000Z) has successfully loaded and registered with Filter Manager."
821,6/23/2025 1:58:28 PM,Microsoft-Windows-Kernel-Processor-Power,4,55,Processor 1 in group 0 exposes the following power management capabilities: Idle state type: ACPI Idle (LPI) States (3 state(s)) Performance state type: ACPI Collaborative Processor Performance Control Nominal Frequency (MHz): 3294 Maximum performance percentage: 166 Minimum performance percentage: 33 Minimum throttle percentage: 12
820,6/23/2025 1:58:28 PM,Microsoft-Windows-Kernel-Processor-Power,4,55,Processor 0 in group 0 exposes the following power management capabilities: Idle state type: ACPI Idle (LPI) States (3 state(s)) Performance state type: ACPI Collaborative Processor Performance Control Nominal Frequency (MHz): 3294 Maximum performance percentage: 166 Minimum performance percentage: 33 Minimum throttle percentage: 12
818,6/23/2025 1:58:27 PM,Microsoft-Windows-FilterManager,4,6,"File System Filter 'npsvctrig' (10.0, ‎1977‎-‎09‎-‎12T08:19:34.000000000Z) has successfully loaded and registered with Filter Manager."
817,6/23/2025 1:58:27 PM,Microsoft-Windows-FilterManager,4,6,"File System Filter 'FileCrypt' (10.0, ‎2011‎-‎10‎-‎30T08:56:49.000000000Z) has successfully loaded and registered with Filter Manager."
816,6/23/2025 1:58:27 PM,Microsoft-Windows-Ntfs,4,98,Volume C: (\Device\HarddiskVolume4) is healthy.  No action is needed.
815,6/23/2025 1:58:26 PM,Microsoft-Windows-FilterManager,4,6,"File System Filter 'WdFilter' (10.0, ‎2073‎-‎10‎-‎13T02:22:50.000000000Z) has successfully loaded and registered with Filter Manager."
814,6/23/2025 1:58:26 PM,Microsoft-Windows-FilterManager,4,6,"File System Filter 'Wof' (10.0, ‎2002‎-‎04‎-‎12T14:36:07.000000000Z) has successfully loaded and registered with Filter Manager."
813,6/23/2025 1:58:26 PM,Microsoft-Windows-FilterManager,4,6,"File System Filter 'FileInfo' (10.0, ‎1989‎-‎07‎-‎12T18:15:12.000000000Z) has successfully loaded and registered with Filter Manager."
812,6/23/2025 1:58:19 PM,Microsoft-Windows-Kernel-General,4,20,The leap second configuration has been updated. Reason: Leap second data initialized from registry during boot Leap seconds enabled: true New leap second count: 0 Old leap second count: 0
822,6/23/2025 1:58:28 PM,Microsoft-Windows-Kernel-Processor-Power,4,55,Processor 2 in group 0 exposes the following power management capabilities: Idle state type: ACPI Idle (LPI) States (3 state(s)) Performance state type: ACPI Collaborative Processor Performance Control Nominal Frequency (MHz): 3294 Maximum performance percentage: 152 Minimum performance percentage: 33 Minimum throttle percentage: 12
811,6/23/2025 1:58:19 PM,Microsoft-Windows-Kernel-Boot,4,30,The firmware reported boot metrics.
809,6/23/2025 1:58:19 PM,Microsoft-Windows-Kernel-Boot,4,18,There are 0x1 boot options on this system.
808,6/23/2025 1:58:19 PM,Microsoft-Windows-Kernel-Boot,4,27,The boot type was 0x0.
807,6/23/2025 1:58:19 PM,Microsoft-Windows-Kernel-Boot,4,25,The boot menu policy was 0x1.
806,6/23/2025 1:58:19 PM,Microsoft-Windows-Kernel-Boot,4,20,The last shutdown's success status was false. The last boot's success status was true.
805,6/23/2025 1:58:19 PM,Microsoft-Windows-Kernel-Boot,4,153,Virtualization-based security (policies: 0) is disabled.
804,6/23/2025 1:58:39 PM,EventLog,4,6013,The system uptime is 20 seconds.
803,6/23/2025 1:58:39 PM,EventLog,4,6005,The Event log service was started.
802,6/23/2025 1:58:39 PM,EventLog,4,6009,Microsoft (R) Windows (R) 10.00. 18362  Multiprocessor Free.
800,6/23/2025 1:58:19 PM,Microsoft-Windows-Kernel-General,4,12,The operating system started at system time ‎2025‎-‎06‎-‎23T20:58:19.500000000Z.
810,6/23/2025 1:58:19 PM,Microsoft-Windows-Kernel-Boot,4,32,The bootmgr spent 0 ms waiting for user input.
847,6/23/2025 1:58:39 PM,Microsoft-Windows-FilterManager,4,6,"File System Filter 'luafv' (10.0, ‎1974‎-‎08‎-‎09T06:33:30.000000000Z) has successfully loaded and registered with Filter Manager."
823,6/23/2025 1:58:28 PM,Microsoft-Windows-Kernel-Processor-Power,4,55,Processor 3 in group 0 exposes the following power management capabilities: Idle state type: ACPI Idle (LPI) States (3 state(s)) Performance state type: ACPI Collaborative Processor Performance Control Nominal Frequency (MHz): 3294 Maximum performance percentage: 152 Minimum performance percentage: 33 Minimum throttle percentage: 12
825,6/23/2025 1:58:28 PM,Microsoft-Windows-Kernel-Processor-Power,4,55,Processor 5 in group 0 exposes the following power management capabilities: Idle state type: ACPI Idle (LPI) States (3 state(s)) Performance state type: ACPI Collaborative Processor Performance Control Nominal Frequency (MHz): 3294 Maximum performance percentage: 170 Minimum performance percentage: 33 Minimum throttle percentage: 12
845,6/23/2025 1:58:39 PM,Microsoft-Windows-DHCPv6-Client,4,51046,DHCPv6 client service is started
844,6/23/2025 1:58:39 PM,Microsoft-Windows-Dhcp-Client,4,50103,DHCPv4 client registered for shutdown notification
843,6/23/2025 1:58:39 PM,Microsoft-Windows-Dhcp-Client,4,50036,DHCPv4 client service is started
842,6/23/2025 1:58:35 PM,Win32k,4,267,Touch/Touchpad Hardware Quality Assurance verification succeeded.
841,6/23/2025 1:58:35 PM,Win32k,4,267,Touch/Touchpad Hardware Quality Assurance verification succeeded.
840,6/23/2025 1:58:35 PM,Microsoft-Windows-Directory-Services-SAM,4,16962,Remote calls to the SAM database are being restricted using the default security descriptor: O:SYG:SYD:(A;;RC;;;BA). For more information please see http://go.microsoft.com/fwlink/?LinkId=787651.
839,6/23/2025 1:58:35 PM,Microsoft-Windows-Wininit,4,14,"Credential Guard configuration: 0x0, 0"
838,6/23/2025 1:58:32 PM,Microsoft-Windows-Ntfs,4,98,Volume \\?\Volume{1ba45877-b4cf-4e17-9412-317be10b8e00} (\Device\HarddiskVolume1) is healthy.  No action is needed.
837,6/23/2025 1:58:29 PM,Microsoft-Windows-Kernel-Power,4,521,Active battery count change.
824,6/23/2025 1:58:28 PM,Microsoft-Windows-Kernel-Processor-Power,4,55,Processor 4 in group 0 exposes the following power management capabilities: Idle state type: ACPI Idle (LPI) States (3 state(s)) Performance state type: ACPI Collaborative Processor Performance Control Nominal Frequency (MHz): 3294 Maximum performance percentage: 170 Minimum performance percentage: 33 Minimum throttle percentage: 12
836,6/23/2025 1:58:29 PM,Microsoft-Windows-Kernel-Power,4,521,Active battery count change.
834,6/23/2025 1:58:29 PM,Microsoft-Windows-Kernel-Processor-Power,4,55,Processor 14 in group 0 exposes the following power management capabilities: Idle state type: ACPI Idle (LPI) States (3 state(s)) Performance state type: ACPI Collaborative Processor Performance Control Nominal Frequency (MHz): 3294 Maximum performance percentage: 161 Minimum performance percentage: 33 Minimum throttle percentage: 12
833,6/23/2025 1:58:29 PM,Microsoft-Windows-Kernel-Processor-Power,4,55,Processor 13 in group 0 exposes the following power management capabilities: Idle state type: ACPI Idle (LPI) States (3 state(s)) Performance state type: ACPI Collaborative Processor Performance Control Nominal Frequency (MHz): 3294 Maximum performance percentage: 175 Minimum performance percentage: 33 Minimum throttle percentage: 12
832,6/23/2025 1:58:28 PM,Microsoft-Windows-Kernel-Processor-Power,4,55,Processor 12 in group 0 exposes the following power management capabilities: Idle state type: ACPI Idle (LPI) States (3 state(s)) Performance state type: ACPI Collaborative Processor Performance Control Nominal Frequency (MHz): 3294 Maximum performance percentage: 175 Minimum performance percentage: 33 Minimum throttle percentage: 12
831,6/23/2025 1:58:28 PM,Microsoft-Windows-Kernel-Processor-Power,4,55,Processor 11 in group 0 exposes the following power management capabilities: Idle state type: ACPI Idle (LPI) States (3 state(s)) Performance state type: ACPI Collaborative Processor Performance Control Nominal Frequency (MHz): 3294 Maximum performance percentage: 157 Minimum performance percentage: 33 Minimum throttle percentage: 12
830,6/23/2025 1:58:28 PM,Microsoft-Windows-Kernel-Processor-Power,4,55,Processor 10 in group 0 exposes the following power management capabilities: Idle state type: ACPI Idle (LPI) States (3 state(s)) Performance state type: ACPI Collaborative Processor Performance Control Nominal Frequency (MHz): 3294 Maximum performance percentage: 157 Minimum performance percentage: 33 Minimum throttle percentage: 12
829,6/23/2025 1:58:28 PM,Microsoft-Windows-Kernel-Processor-Power,4,55,Processor 9 in group 0 exposes the following power management capabilities: Idle state type: ACPI Idle (LPI) States (3 state(s)) Performance state type: ACPI Collaborative Processor Performance Control Nominal Frequency (MHz): 3294 Maximum performance percentage: 175 Minimum performance percentage: 33 Minimum throttle percentage: 12
828,6/23/2025 1:58:28 PM,Microsoft-Windows-Kernel-Processor-Power,4,55,Processor 8 in group 0 exposes the following power management capabilities: Idle state type: ACPI Idle (LPI) States (3 state(s)) Performance state type: ACPI Collaborative Processor Performance Control Nominal Frequency (MHz): 3294 Maximum performance percentage: 175 Minimum performance percentage: 33 Minimum throttle percentage: 12
827,6/23/2025 1:58:28 PM,Microsoft-Windows-Kernel-Processor-Power,4,55,Processor 7 in group 0 exposes the following power management capabilities: Idle state type: ACPI Idle (LPI) States (3 state(s)) Performance state type: ACPI Collaborative Processor Performance Control Nominal Frequency (MHz): 3294 Maximum performance percentage: 148 Minimum performance percentage: 33 Minimum throttle percentage: 12
826,6/23/2025 1:58:28 PM,Microsoft-Windows-Kernel-Processor-Power,4,55,Processor 6 in group 0 exposes the following power management capabilities: Idle state type: ACPI Idle (LPI) States (3 state(s)) Performance state type: ACPI Collaborative Processor Performance Control Nominal Frequency (MHz): 3294 Maximum performance percentage: 148 Minimum performance percentage: 33 Minimum throttle percentage: 12
835,6/23/2025 1:58:29 PM,Microsoft-Windows-Kernel-Processor-Power,4,55,Processor 15 in group 0 exposes the following power management capabilities: Idle state type: ACPI Idle (LPI) States (3 state(s)) Performance state type: ACPI Collaborative Processor Performance Control Nominal Frequency (MHz): 3294 Maximum performance percentage: 161 Minimum performance percentage: 33 Minimum throttle percentage: 12
897,6/23/2025 6:11:21 PM,Microsoft-Windows-Directory-Services-SAM,4,16962,Remote calls to the SAM database are being restricted using the default security descriptor: O:SYG:SYD:(A;;RC;;;BA). For more information please see http://go.microsoft.com/fwlink/?LinkId=787651.
893,6/23/2025 6:11:17 PM,Microsoft-Windows-Ntfs,4,98,Volume I: (\Device\HarddiskVolume11) is healthy.  No action is needed.
898,6/23/2025 6:11:21 PM,Win32k,4,267,Touch/Touchpad Hardware Quality Assurance verification succeeded.
956,6/23/2025 6:14:41 PM,Microsoft-Windows-Kernel-Processor-Power,4,55,Processor 1 in group 0 exposes the following power management capabilities: Idle state type: ACPI Idle (LPI) States (3 state(s)) Performance state type: ACPI Collaborative Processor Performance Control Nominal Frequency (MHz): 3294 Maximum performance percentage: 166 Minimum performance percentage: 33 Minimum throttle percentage: 12
955,6/23/2025 6:14:41 PM,Microsoft-Windows-Kernel-Processor-Power,4,55,Processor 0 in group 0 exposes the following power management capabilities: Idle state type: ACPI Idle (LPI) States (3 state(s)) Performance state type: ACPI Collaborative Processor Performance Control Nominal Frequency (MHz): 3294 Maximum performance percentage: 166 Minimum performance percentage: 33 Minimum throttle percentage: 12
953,6/23/2025 6:14:39 PM,Microsoft-Windows-FilterManager,4,6,"File System Filter 'npsvctrig' (10.0, ‎1977‎-‎09‎-‎12T08:19:34.000000000Z) has successfully loaded and registered with Filter Manager."
952,6/23/2025 6:14:39 PM,Microsoft-Windows-FilterManager,4,6,"File System Filter 'FileCrypt' (10.0, ‎2011‎-‎10‎-‎30T08:56:49.000000000Z) has successfully loaded and registered with Filter Manager."
951,6/23/2025 6:14:39 PM,Microsoft-Windows-Ntfs,4,98,Volume C: (\Device\HarddiskVolume4) is healthy.  No action is needed.
950,6/23/2025 6:14:38 PM,Microsoft-Windows-FilterManager,4,6,"File System Filter 'WdFilter' (10.0, ‎2073‎-‎10‎-‎13T02:22:50.000000000Z) has successfully loaded and registered with Filter Manager."
949,6/23/2025 6:14:38 PM,Microsoft-Windows-FilterManager,4,6,"File System Filter 'Wof' (10.0, ‎2002‎-‎04‎-‎12T14:36:07.000000000Z) has successfully loaded and registered with Filter Manager."
948,6/23/2025 6:14:38 PM,Microsoft-Windows-FilterManager,4,6,"File System Filter 'FileInfo' (10.0, ‎1989‎-‎07‎-‎12T18:15:12.000000000Z) has successfully loaded and registered with Filter Manager."
957,6/23/2025 6:14:41 PM,Microsoft-Windows-Kernel-Processor-Power,4,55,Processor 2 in group 0 exposes the following power management capabilities: Idle state type: ACPI Idle (LPI) States (3 state(s)) Performance state type: ACPI Collaborative Processor Performance Control Nominal Frequency (MHz): 3294 Maximum performance percentage: 152 Minimum performance percentage: 33 Minimum throttle percentage: 12
947,6/23/2025 6:14:31 PM,Microsoft-Windows-Kernel-General,4,20,The leap second configuration has been updated. Reason: Leap second data initialized from registry during boot Leap seconds enabled: true New leap second count: 0 Old leap second count: 0
945,6/23/2025 6:14:31 PM,Microsoft-Windows-Kernel-Boot,4,32,The bootmgr spent 0 ms waiting for user input.
944,6/23/2025 6:14:31 PM,Microsoft-Windows-Kernel-Boot,4,18,There are 0x1 boot options on this system.
943,6/23/2025 6:14:31 PM,Microsoft-Windows-Kernel-Boot,4,27,The boot type was 0x0.
942,6/23/2025 6:14:31 PM,Microsoft-Windows-Kernel-Boot,4,25,The boot menu policy was 0x1.
941,6/23/2025 6:14:31 PM,Microsoft-Windows-Kernel-Boot,4,20,The last shutdown's success status was false. The last boot's success status was true.
939,6/23/2025 6:15:03 PM,EventLog,4,6013,The system uptime is 32 seconds.
938,6/23/2025 6:15:03 PM,EventLog,4,6005,The Event log service was started.
937,6/23/2025 6:15:03 PM,EventLog,4,6009,Microsoft (R) Windows (R) 10.00. 18362  Multiprocessor Free.
946,6/23/2025 6:14:31 PM,Microsoft-Windows-Kernel-Boot,4,30,The firmware reported boot metrics.
935,6/23/2025 6:14:31 PM,Microsoft-Windows-Kernel-General,4,12,The operating system started at system time ‎2025‎-‎06‎-‎24T01:14:31.500000000Z.
958,6/23/2025 6:14:41 PM,Microsoft-Windows-Kernel-Processor-Power,4,55,Processor 3 in group 0 exposes the following power management capabilities: Idle state type: ACPI Idle (LPI) States (3 state(s)) Performance state type: ACPI Collaborative Processor Performance Control Nominal Frequency (MHz): 3294 Maximum performance percentage: 152 Minimum performance percentage: 33 Minimum throttle percentage: 12
960,6/23/2025 6:14:41 PM,Microsoft-Windows-Kernel-Processor-Power,4,55,Processor 5 in group 0 exposes the following power management capabilities: Idle state type: ACPI Idle (LPI) States (3 state(s)) Performance state type: ACPI Collaborative Processor Performance Control Nominal Frequency (MHz): 3294 Maximum performance percentage: 170 Minimum performance percentage: 33 Minimum throttle percentage: 12
979,6/23/2025 6:14:59 PM,Microsoft-Windows-Directory-Services-SAM,4,16962,Remote calls to the SAM database are being restricted using the default security descriptor: O:SYG:SYD:(A;;RC;;;BA). For more information please see http://go.microsoft.com/fwlink/?LinkId=787651.
978,6/23/2025 6:14:59 PM,Microsoft-Windows-Wininit,4,14,"Credential Guard configuration: 0x0, 0"
977,6/23/2025 6:14:56 PM,Microsoft-Windows-Ntfs,4,98,Volume \\?\Volume{1ba45877-b4cf-4e17-9412-317be10b8e00} (\Device\HarddiskVolume1) is healthy.  No action is needed.
976,6/23/2025 6:14:56 PM,Microsoft-Windows-Ntfs,4,98,Volume H: (\Device\HarddiskVolume8) is healthy.  No action is needed.
975,6/23/2025 6:14:55 PM,Microsoft-Windows-Ntfs,4,98,Volume I: (\Device\HarddiskVolume11) is healthy.  No action is needed.
974,6/23/2025 6:14:47 PM,Microsoft-Windows-Ntfs,4,98,Volume G: (\Device\HarddiskVolume7) is healthy.  No action is needed.
973,6/23/2025 6:14:41 PM,Microsoft-Windows-Kernel-Power,4,521,Active battery count change.
972,6/23/2025 6:14:41 PM,Microsoft-Windows-Kernel-Power,4,521,Active battery count change.
959,6/23/2025 6:14:41 PM,Microsoft-Windows-Kernel-Processor-Power,4,55,Processor 4 in group 0 exposes the following power management capabilities: Idle state type: ACPI Idle (LPI) States (3 state(s)) Performance state type: ACPI Collaborative Processor Performance Control Nominal Frequency (MHz): 3294 Maximum performance percentage: 170 Minimum performance percentage: 33 Minimum throttle percentage: 12
971,6/23/2025 6:14:41 PM,Microsoft-Windows-Kernel-Processor-Power,4,55,Processor 15 in group 0 exposes the following power management capabilities: Idle state type: ACPI Idle (LPI) States (3 state(s)) Performance state type: ACPI Collaborative Processor Performance Control Nominal Frequency (MHz): 3294 Maximum performance percentage: 161 Minimum performance percentage: 33 Minimum throttle percentage: 12
969,6/23/2025 6:14:41 PM,Microsoft-Windows-Kernel-Processor-Power,4,55,Processor 13 in group 0 exposes the following power management capabilities: Idle state type: ACPI Idle (LPI) States (3 state(s)) Performance state type: ACPI Collaborative Processor Performance Control Nominal Frequency (MHz): 3294 Maximum performance percentage: 175 Minimum performance percentage: 33 Minimum throttle percentage: 12
967,6/23/2025 6:14:41 PM,Microsoft-Windows-Kernel-Processor-Power,4,55,Processor 12 in group 0 exposes the following power management capabilities: Idle state type: ACPI Idle (LPI) States (3 state(s)) Performance state type: ACPI Collaborative Processor Performance Control Nominal Frequency (MHz): 3294 Maximum performance percentage: 175 Minimum performance percentage: 33 Minimum throttle percentage: 12
966,6/23/2025 6:14:41 PM,Microsoft-Windows-Kernel-Processor-Power,4,55,Processor 11 in group 0 exposes the following power management capabilities: Idle state type: ACPI Idle (LPI) States (3 state(s)) Performance state type: ACPI Collaborative Processor Performance Control Nominal Frequency (MHz): 3294 Maximum performance percentage: 157 Minimum performance percentage: 33 Minimum throttle percentage: 12
965,6/23/2025 6:14:41 PM,Microsoft-Windows-Kernel-Processor-Power,4,55,Processor 10 in group 0 exposes the following power management capabilities: Idle state type: ACPI Idle (LPI) States (3 state(s)) Performance state type: ACPI Collaborative Processor Performance Control Nominal Frequency (MHz): 3294 Maximum performance percentage: 157 Minimum performance percentage: 33 Minimum throttle percentage: 12
964,6/23/2025 6:14:41 PM,Microsoft-Windows-Kernel-Processor-Power,4,55,Processor 9 in group 0 exposes the following power management capabilities: Idle state type: ACPI Idle (LPI) States (3 state(s)) Performance state type: ACPI Collaborative Processor Performance Control Nominal Frequency (MHz): 3294 Maximum performance percentage: 175 Minimum performance percentage: 33 Minimum throttle percentage: 12
963,6/23/2025 6:14:41 PM,Microsoft-Windows-Kernel-Processor-Power,4,55,Processor 8 in group 0 exposes the following power management capabilities: Idle state type: ACPI Idle (LPI) States (3 state(s)) Performance state type: ACPI Collaborative Processor Performance Control Nominal Frequency (MHz): 3294 Maximum performance percentage: 175 Minimum performance percentage: 33 Minimum throttle percentage: 12
962,6/23/2025 6:14:41 PM,Microsoft-Windows-Kernel-Processor-Power,4,55,Processor 7 in group 0 exposes the following power management capabilities: Idle state type: ACPI Idle (LPI) States (3 state(s)) Performance state type: ACPI Collaborative Processor Performance Control Nominal Frequency (MHz): 3294 Maximum performance percentage: 148 Minimum performance percentage: 33 Minimum throttle percentage: 12
961,6/23/2025 6:14:41 PM,Microsoft-Windows-Kernel-Processor-Power,4,55,Processor 6 in group 0 exposes the following power management capabilities: Idle state type: ACPI Idle (LPI) States (3 state(s)) Performance state type: ACPI Collaborative Processor Performance Control Nominal Frequency (MHz): 3294 Maximum performance percentage: 148 Minimum performance percentage: 33 Minimum throttle percentage: 12
970,6/23/2025 6:14:41 PM,Microsoft-Windows-Kernel-Processor-Power,4,55,Processor 14 in group 0 exposes the following power management capabilities: Idle state type: ACPI Idle (LPI) States (3 state(s)) Performance state type: ACPI Collaborative Processor Performance Control Nominal Frequency (MHz): 3294 Maximum performance percentage: 161 Minimum performance percentage: 33 Minimum throttle percentage: 12
934,6/23/2025 6:11:26 PM,Microsoft-Windows-UserPnp,4,20001,Driver Management concluded the process to install driver wpdfs.inf_amd64_e4ff8019ae5ba00c for Device Instance ID SWD\WPDBUSENUM\{13C4F5D6-5098-11F0-B3C8-806E6F6E6963}#000000E496800000 with the following status: 0x0.
940,6/23/2025 6:14:31 PM,Microsoft-Windows-Kernel-Boot,4,153,Virtualization-based security (policies: 0) is disabled.
408,6/23/2025 1:08:42 AM,Microsoft-Windows-Eventlog,4,104,The System log file was cleared.
919,6/23/2025 6:11:25 PM,Microsoft-Windows-UserPnp,4,20003,Driver Management has concluded the process to add Service WUDFWpdFs for Device Instance ID SWD\WPDBUSENUM\{13C4F5D7-5098-11F0-B3C8-806E6F6E6963}#0000000000100000 with the following status: 0.
918,6/23/2025 6:11:25 PM,Microsoft-Windows-DriverFrameworks-UserMode,4,10100,The driver package installation has succeeded.
904,6/23/2025 6:11:26 PM,Microsoft-Windows-WPDClassInstaller,4,24577,"Media player and imaging program compatibility layers were successfully registered for device %1. Layer bits %2 were requested, layer bits %3 were registered."
905,6/23/2025 6:11:26 PM,Microsoft-Windows-WPDClassInstaller,4,24579,Autoplay registration was skipped for device %1.
906,6/23/2025 6:11:25 PM,Microsoft-Windows-Dhcp-Client,4,50036,DHCPv4 client service is started
917,6/23/2025 6:11:25 PM,Microsoft-Windows-DriverFrameworks-UserMode,4,10002,The UMDF service WpdFs (CLSID {112de495-ac4c-46f8-b663-6a4266c53313}) was upgraded.  It requires framework version 2.29.0 or higher.
903,6/23/2025 6:11:26 PM,Microsoft-Windows-WPDClassInstaller,4,24576,Drivers were successfully installed for device WPD Device.
916,6/23/2025 6:11:25 PM,Microsoft-Windows-DriverFrameworks-UserMode,4,10000,A driver package which uses user-mode driver framework version 2.29.0 is being installed on device SWD\WPDBUSENUM\{13C4F5D7-5098-11F0-B3C8-806E6F6E6963}#0000000000100000.
914,6/23/2025 6:11:25 PM,Microsoft-Windows-FilterManager,4,6,"File System Filter 'storqosflt' (10.0, ‎2084‎-‎07‎-‎23T22:29:44.000000000Z) has successfully loaded and registered with Filter Manager."
907,6/23/2025 6:11:25 PM,Microsoft-Windows-Dhcp-Client,4,50103,DHCPv4 client registered for shutdown notification
908,6/23/2025 6:11:25 PM,Microsoft-Windows-DHCPv6-Client,4,51046,DHCPv6 client service is started
909,6/23/2025 6:11:25 PM,Microsoft-Windows-FilterManager,4,6,"File System Filter 'wcifs' (10.0, ‎2021‎-‎10‎-‎19T06:10:02.000000000Z) has successfully loaded and registered with Filter Manager."
913,6/23/2025 6:11:25 PM,Microsoft-Windows-FilterManager,4,6,"File System Filter 'CldFlt' (10.0, ‎1976‎-‎11‎-‎19T00:44:15.000000000Z) has successfully loaded and registered with Filter Manager."
910,6/23/2025 6:11:25 PM,Microsoft-Windows-FilterManager,4,6,"File System Filter 'luafv' (10.0, ‎1974‎-‎08‎-‎09T06:33:30.000000000Z) has successfully loaded and registered with Filter Manager."
915,6/23/2025 6:11:26 PM,Microsoft-Windows-WPDClassInstaller,4,24576,Drivers were successfully installed for device WPD Device.
911,6/23/2025 6:11:25 PM,Microsoft-Windows-FilterManager,4,6,"File System Filter 'CldFlt' (10.0, ‎1976‎-‎11‎-‎19T00:44:15.000000000Z) has successfully loaded and registered with Filter Manager."
920,6/23/2025 6:11:25 PM,Microsoft-Windows-UserPnp,4,20001,Driver Management concluded the process to install driver wpdfs.inf_amd64_e4ff8019ae5ba00c for Device Instance ID SWD\WPDBUSENUM\{13C4F5D7-5098-11F0-B3C8-806E6F6E6963}#0000000000100000 with the following status: 0x0.
922,6/23/2025 6:11:25 PM,Microsoft-Windows-DriverFrameworks-UserMode,4,10002,The UMDF service WpdFs (CLSID {112de495-ac4c-46f8-b663-6a4266c53313}) was upgraded.  It requires framework version 2.29.0 or higher.
933,6/23/2025 6:11:26 PM,Microsoft-Windows-Winlogon,4,7001,User Logon Notification for Customer Experience Improvement Program
932,6/23/2025 6:11:26 PM,Microsoft-Windows-UserPnp,4,20003,Driver Management has concluded the process to add Service WUDFWpdFs for Device Instance ID SWD\WPDBUSENUM\{13C4F5D6-5098-11F0-B3C8-806E6F6E6963}#000000E496800000 with the following status: 0.
899,6/23/2025 6:11:21 PM,Win32k,4,267,Touch/Touchpad Hardware Quality Assurance verification succeeded.
931,6/23/2025 6:11:26 PM,Microsoft-Windows-WPDClassInstaller,4,24579,Autoplay registration was skipped for device %1.
930,6/23/2025 6:11:26 PM,Microsoft-Windows-WPDClassInstaller,4,24577,"Media player and imaging program compatibility layers were successfully registered for device %1. Layer bits %2 were requested, layer bits %3 were registered."
929,6/23/2025 6:11:26 PM,Microsoft-Windows-DriverFrameworks-UserMode,4,10100,The driver package installation has succeeded.
921,6/23/2025 6:11:25 PM,Microsoft-Windows-DriverFrameworks-UserMode,4,10000,A driver package which uses user-mode driver framework version 2.29.0 is being installed on device SWD\WPDBUSENUM\{13C4F5D6-5098-11F0-B3C8-806E6F6E6963}#0000000000100000.
900,6/23/2025 6:11:25 PM,Microsoft-Windows-WPDClassInstaller,4,24576,Drivers were successfully installed for device WPD Device.
927,6/23/2025 6:11:26 PM,Microsoft-Windows-DriverFrameworks-UserMode,4,10000,A driver package which uses user-mode driver framework version 2.29.0 is being installed on device SWD\WPDBUSENUM\{13C4F5D6-5098-11F0-B3C8-806E6F6E6963}#000000E496800000.
926,6/23/2025 6:11:26 PM,Microsoft-Windows-UserPnp,4,20001,Driver Management concluded the process to install driver wpdfs.inf_amd64_e4ff8019ae5ba00c for Device Instance ID SWD\WPDBUSENUM\{13C4F5D6-5098-11F0-B3C8-806E6F6E6963}#0000000000100000 with the following status: 0x0.
901,6/23/2025 6:11:25 PM,Microsoft-Windows-WPDClassInstaller,4,24577,"Media player and imaging program compatibility layers were successfully registered for device %1. Layer bits %2 were requested, layer bits %3 were registered."
925,6/23/2025 6:11:26 PM,TPM,4,18,This event triggers the Trusted Platform Module (TPM) provisioning/status check to run.
924,6/23/2025 6:11:26 PM,Microsoft-Windows-UserPnp,4,20003,Driver Management has concluded the process to add Service WUDFWpdFs for Device Instance ID SWD\WPDBUSENUM\{13C4F5D6-5098-11F0-B3C8-806E6F6E6963}#0000000000100000 with the following status: 0.
923,6/23/2025 6:11:26 PM,Microsoft-Windows-DriverFrameworks-UserMode,4,10100,The driver package installation has succeeded.
902,6/23/2025 6:11:25 PM,Microsoft-Windows-WPDClassInstaller,4,24579,Autoplay registration was skipped for device %1.
928,6/23/2025 6:11:26 PM,Microsoft-Windows-DriverFrameworks-UserMode,4,10002,The UMDF service WpdFs (CLSID {112de495-ac4c-46f8-b663-6a4266c53313}) was upgraded.  It requires framework version 2.29.0 or higher.
912,6/23/2025 6:11:25 PM,Microsoft-Windows-FilterManager,4,1,"File System Filter 'CldFlt' (Version 10.0, ‎1976‎-‎11‎-‎19T00:44:15.000000000Z) unloaded successfully."
968,6/23/2025 6:14:41 PM,i8042prt,3,17,The device sent an incorrect response(s) following a keyboard reset.
532,6/23/2025 1:11:19 AM,i8042prt,3,17,The device sent an incorrect response(s) following a keyboard reset.
587,6/23/2025 3:46:06 AM,i8042prt,3,17,The device sent an incorrect response(s) following a keyboard reset.
1150,6/23/2025 6:25:00 PM,i8042prt,3,17,The device sent an incorrect response(s) following a keyboard reset.
714,6/23/2025 1:45:15 PM,i8042prt,3,17,The device sent an incorrect response(s) following a keyboard reset.
775,6/23/2025 1:48:35 PM,i8042prt,3,17,The device sent an incorrect response(s) following a keyboard reset.
456,6/23/2025 1:09:09 AM,i8042prt,3,17,The device sent an incorrect response(s) following a keyboard reset.
554,6/23/2025 3:46:34 AM,EventLog,2,6008,The previous system shutdown at 1:11:28 AM on ‎6/‎23/‎2025 was unexpected.
683,6/23/2025 1:45:37 PM,EventLog,2,6008,The previous system shutdown at 1:42:35 PM on ‎6/‎23/‎2025 was unexpected.
936,6/23/2025 6:15:03 PM,EventLog,2,6008,The previous system shutdown at 6:11:25 PM on ‎6/‎23/‎2025 was unexpected.
1053,6/23/2025 6:23:16 PM,EventLog,2,6008,The previous system shutdown at 6:19:59 PM on ‎6/‎23/‎2025 was unexpected.
994,6/23/2025 6:19:59 PM,EventLog,2,6008,The previous system shutdown at 6:15:03 PM on ‎6/‎23/‎2025 was unexpected.
855,6/23/2025 6:11:25 PM,EventLog,2,6008,The previous system shutdown at 1:58:39 PM on ‎6/‎23/‎2025 was unexpected.
801,6/23/2025 1:58:39 PM,EventLog,2,6008,The previous system shutdown at 1:48:55 PM on ‎6/‎23/‎2025 was unexpected.
612,6/23/2025 1:42:35 PM,EventLog,2,6008,The previous system shutdown at 3:46:34 AM on ‎6/‎23/‎2025 was unexpected.
542,6/23/2025 1:11:28 AM,Service Control Manager,2,7000,The luafv service failed to start due to the following error:  This driver has been blocked from loading
1071,6/23/2025 6:22:56 PM,Microsoft-Windows-Kernel-Power,1,41,"The system has rebooted without cleanly shutting down first. This error could be caused if the system stopped responding, crashed, or lost power unexpectedly."
1012,6/23/2025 6:19:39 PM,Microsoft-Windows-Kernel-Power,1,41,"The system has rebooted without cleanly shutting down first. This error could be caused if the system stopped responding, crashed, or lost power unexpectedly."
572,6/23/2025 3:46:05 AM,Microsoft-Windows-Kernel-Power,1,41,"The system has rebooted without cleanly shutting down first. This error could be caused if the system stopped responding, crashed, or lost power unexpectedly."
873,6/23/2025 6:11:02 PM,Microsoft-Windows-Kernel-Power,1,41,"The system has rebooted without cleanly shutting down first. This error could be caused if the system stopped responding, crashed, or lost power unexpectedly."
954,6/23/2025 6:14:39 PM,Microsoft-Windows-Kernel-Power,1,41,"The system has rebooted without cleanly shutting down first. This error could be caused if the system stopped responding, crashed, or lost power unexpectedly."
630,6/23/2025 1:42:19 PM,Microsoft-Windows-Kernel-Power,1,41,"The system has rebooted without cleanly shutting down first. This error could be caused if the system stopped responding, crashed, or lost power unexpectedly."
701,6/23/2025 1:45:13 PM,Microsoft-Windows-Kernel-Power,1,41,"The system has rebooted without cleanly shutting down first. This error could be caused if the system stopped responding, crashed, or lost power unexpectedly."
819,6/23/2025 1:58:27 PM,Microsoft-Windows-Kernel-Power,1,41,"The system has rebooted without cleanly shutting down first. This error could be caused if the system stopped responding, crashed, or lost power unexpectedly."
